rank,headline,editorial_decision,caption_variant,caption
1,Texas wins the 2026 NCAA DI softball championship,Must Post,feed,"Texas wins the 2026 NCAA DI softball championship

What happened, who stood out, and why it matters for Softball fans.

Why it matters: This is timely Softball coverage with a result fans may want explained quickly.

Follow Her Sports Daily for daily women's sports coverage.

#WomensSports #HerSportsDaily #SportsNews #Softball #WCWS"
1,Texas wins the 2026 NCAA DI softball championship,Must Post,carousel,"Texas wins the 2026 NCAA DI softball championship

Here is the quick version of what happened and why it matters.

Why it matters: This is timely Softball coverage with a result fans may want explained quickly.

Swipe through for the quick breakdown.

#WomensSports #HerSportsDaily #SportsNews #Softball #WCWS"
1,Texas wins the 2026 NCAA DI softball championship,Must Post,story,"Texas wins the 2026 NCAA DI softball championship

Quick hit: This is timely Softball coverage with a result fans may want explained quickly.

Want more? Follow Her Sports Daily.

#WomensSports #HerSportsDaily #SportsNews #Softball #WCWS"
2,"A’ja Wilson, Caitlin Clark, and Top Rookies Shatter WNBA Records 1 Month Into 2026",Must Post,feed,"A’ja Wilson, Caitlin Clark, and Top Rookies Shatter WNBA Records 1 Month Into 2026

A milestone worth putting into context.

Why it matters: Records and milestones are proof points for the rise of women's sports.

Follow Her Sports Daily for daily women's sports coverage.

#WomensSports #HerSportsDaily #SportsNews #WNBA #WomensBasketball"
2,"A’ja Wilson, Caitlin Clark, and Top Rookies Shatter WNBA Records 1 Month Into 2026",Must Post,carousel,"A’ja Wilson, Caitlin Clark, and Top Rookies Shatter WNBA Records 1 Month Into 2026

This is the kind of milestone that shows where the game is headed.

Why it matters: Records and milestones are proof points for the rise of women's sports.

Swipe through for the quick breakdown.

#WomensSports #HerSportsDaily #SportsNews #WNBA #WomensBasketball"
2,"A’ja Wilson, Caitlin Clark, and Top Rookies Shatter WNBA Records 1 Month Into 2026",Must Post,story,"A’ja Wilson, Caitlin Clark, and Top Rookies Shatter WNBA Records 1 Month Into 2026

Quick hit: Records and milestones are proof points for the rise of women's sports.

Want more? Follow Her Sports Daily.

#WomensSports #HerSportsDaily #SportsNews #WNBA #WomensBasketball"
3,A’ja Wilson Earns Record 14th Career WNBA Western Conference Player of the Month Award,Maybe Post,feed,"A’ja Wilson Earns Record 14th Career WNBA Western Conference Player of the Month Award

A milestone worth putting into context.

Why it matters: Records and milestones are proof points for the rise of women's sports.

Follow Her Sports Daily for daily women's sports coverage.

#WomensSports #HerSportsDaily #SportsNews #WNBA #WomensBasketball"
3,A’ja Wilson Earns Record 14th Career WNBA Western Conference Player of the Month Award,Maybe Post,carousel,"A’ja Wilson Earns Record 14th Career WNBA Western Conference Player of the Month Award

This is the kind of milestone that shows where the game is headed.

Why it matters: Records and milestones are proof points for the rise of women's sports.

Swipe through for the quick breakdown.

#WomensSports #HerSportsDaily #SportsNews #WNBA #WomensBasketball"
3,A’ja Wilson Earns Record 14th Career WNBA Western Conference Player of the Month Award,Maybe Post,story,"A’ja Wilson Earns Record 14th Career WNBA Western Conference Player of the Month Award

Quick hit: Records and milestones are proof points for the rise of women's sports.

Want more? Follow Her Sports Daily.

#WomensSports #HerSportsDaily #SportsNews #WNBA #WomensBasketball"
4,Kelsey Mitchell scores 25 as Fever begin Commissioner's Cup title defense with 83-71 win over Dream,Maybe Post,feed,"Kelsey Mitchell scores 25 as Fever begin Commissioner's Cup title defense with 83-71 win over Dream

What happened, who stood out, and why it matters for WNBA fans.

Why it matters: This is timely WNBA coverage with a result fans may want explained quickly.

Follow Her Sports Daily for daily women's sports coverage.

#WomensSports #HerSportsDaily #SportsNews #WNBA #WomensBasketball"
4,Kelsey Mitchell scores 25 as Fever begin Commissioner's Cup title defense with 83-71 win over Dream,Maybe Post,carousel,"Kelsey Mitchell scores 25 as Fever begin Commissioner's Cup title defense with 83-71 win over Dream

Here is the quick version of what happened and why it matters.

Why it matters: This is timely WNBA coverage with a result fans may want explained quickly.

Swipe through for the quick breakdown.

#WomensSports #HerSportsDaily #SportsNews #WNBA #WomensBasketball"
4,Kelsey Mitchell scores 25 as Fever begin Commissioner's Cup title defense with 83-71 win over Dream,Maybe Post,story,"Kelsey Mitchell scores 25 as Fever begin Commissioner's Cup title defense with 83-71 win over Dream

Quick hit: This is timely WNBA coverage with a result fans may want explained quickly.

Want more? Follow Her Sports Daily.

#WomensSports #HerSportsDaily #SportsNews #WNBA #WomensBasketball"
5,Saint Leo wins 2026 NCAA DII softball championship,Maybe Post,feed,"Saint Leo wins 2026 NCAA DII softball championship

What happened, who stood out, and why it matters for Softball fans.

Why it matters: This is timely Softball coverage with a result fans may want explained quickly.

Follow Her Sports Daily for daily women's sports coverage.

#WomensSports #HerSportsDaily #SportsNews #Softball #WCWS"
5,Saint Leo wins 2026 NCAA DII softball championship,Maybe Post,carousel,"Saint Leo wins 2026 NCAA DII softball championship

Here is the quick version of what happened and why it matters.

Why it matters: This is timely Softball coverage with a result fans may want explained quickly.

Swipe through for the quick breakdown.

#WomensSports #HerSportsDaily #SportsNews #Softball #WCWS"
5,Saint Leo wins 2026 NCAA DII softball championship,Maybe Post,story,"Saint Leo wins 2026 NCAA DII softball championship

Quick hit: This is timely Softball coverage with a result fans may want explained quickly.

Want more? Follow Her Sports Daily.

#WomensSports #HerSportsDaily #SportsNews #Softball #WCWS"
6,Dawn Staley and South Carolina Land Star Recruit Oliviyah Edwards,Maybe Post,feed,"Dawn Staley and South Carolina Land Star Recruit Oliviyah Edwards

A future-star angle with a clear roster-building hook.

Why it matters: Recruiting and roster stories show where the next wave of stars is coming from.

Follow Her Sports Daily for daily women's sports coverage.

#WomensSports #HerSportsDaily #SportsNews #NCAAWBB #WomensBasketball"
6,Dawn Staley and South Carolina Land Star Recruit Oliviyah Edwards,Maybe Post,carousel,"Dawn Staley and South Carolina Land Star Recruit Oliviyah Edwards

The next wave of talent is already changing the future.

Why it matters: Recruiting and roster stories show where the next wave of stars is coming from.

Swipe through for the quick breakdown.

#WomensSports #HerSportsDaily #SportsNews #NCAAWBB #WomensBasketball"
6,Dawn Staley and South Carolina Land Star Recruit Oliviyah Edwards,Maybe Post,story,"Dawn Staley and South Carolina Land Star Recruit Oliviyah Edwards

Quick hit: Recruiting and roster stories show where the next wave of stars is coming from.

Want more? Follow Her Sports Daily.

#WomensSports #HerSportsDaily #SportsNews #NCAAWBB #WomensBasketball"
7,PWHL HAMILTON ADDS BRIANNE JENNER IN HISTORIC FIRST SIGNING,Maybe Post,feed,"PWHL HAMILTON ADDS BRIANNE JENNER IN HISTORIC FIRST SIGNING

A future-star angle with a clear roster-building hook.

Why it matters: Recruiting and roster stories show where the next wave of stars is coming from.

Follow Her Sports Daily for daily women's sports coverage.

#WomensSports #HerSportsDaily #SportsNews #PWHL #WomensHockey"
7,PWHL HAMILTON ADDS BRIANNE JENNER IN HISTORIC FIRST SIGNING,Maybe Post,carousel,"PWHL HAMILTON ADDS BRIANNE JENNER IN HISTORIC FIRST SIGNING

The next wave of talent is already changing the future.

Why it matters: Recruiting and roster stories show where the next wave of stars is coming from.

Swipe through for the quick breakdown.

#WomensSports #HerSportsDaily #SportsNews #PWHL #WomensHockey"
7,PWHL HAMILTON ADDS BRIANNE JENNER IN HISTORIC FIRST SIGNING,Maybe Post,story,"PWHL HAMILTON ADDS BRIANNE JENNER IN HISTORIC FIRST SIGNING

Quick hit: Recruiting and roster stories show where the next wave of stars is coming from.

Want more? Follow Her Sports Daily.

#WomensSports #HerSportsDaily #SportsNews #PWHL #WomensHockey"
8,"Queen's Club 411: Dates, who's playing, prize money and more",Save for Weekend,feed,"Queen's Club 411: Dates, who's playing, prize money and more

The business of women's sports is not emerging anymore. It is becoming big business.

Why it matters: This helps show the business momentum behind women's sports.

Follow Her Sports Daily for daily women's sports coverage.

#WomensSports #HerSportsDaily #SportsNews #WTA #Tennis"
8,"Queen's Club 411: Dates, who's playing, prize money and more",Save for Weekend,carousel,"Queen's Club 411: Dates, who's playing, prize money and more

Women's sports are becoming impossible for the business world to ignore.

Why it matters: This helps show the business momentum behind women's sports.

Swipe through for the quick breakdown.

#WomensSports #HerSportsDaily #SportsNews #WTA #Tennis"
8,"Queen's Club 411: Dates, who's playing, prize money and more",Save for Weekend,story,"Queen's Club 411: Dates, who's playing, prize money and more

Quick hit: This helps show the business momentum behind women's sports.

Want more? Follow Her Sports Daily.

#WomensSports #HerSportsDaily #SportsNews #WTA #Tennis"
9,Serena Williams Adds 2026 Berlin Tennis Open to WTA Comeback Tour,Save for Weekend,feed,"Serena Williams Adds 2026 Berlin Tennis Open to WTA Comeback Tour

A future-star angle with a clear roster-building hook.

Why it matters: Recruiting and roster stories show where the next wave of stars is coming from.

Follow Her Sports Daily for daily women's sports coverage.

#WomensSports #HerSportsDaily #SportsNews #WTA #Tennis"
9,Serena Williams Adds 2026 Berlin Tennis Open to WTA Comeback Tour,Save for Weekend,carousel,"Serena Williams Adds 2026 Berlin Tennis Open to WTA Comeback Tour

The next wave of talent is already changing the future.

Why it matters: Recruiting and roster stories show where the next wave of stars is coming from.

Swipe through for the quick breakdown.

#WomensSports #HerSportsDaily #SportsNews #WTA #Tennis"
9,Serena Williams Adds 2026 Berlin Tennis Open to WTA Comeback Tour,Save for Weekend,story,"Serena Williams Adds 2026 Berlin Tennis Open to WTA Comeback Tour

Quick hit: Recruiting and roster stories show where the next wave of stars is coming from.

Want more? Follow Her Sports Daily.

#WomensSports #HerSportsDaily #SportsNews #WTA #Tennis"
10,Women’s sports are booming for the Texas Longhorns — investment is the reason why,Save for Weekend,feed,"Women’s sports are booming for the Texas Longhorns — investment is the reason why

The business of women's sports is not emerging anymore. It is becoming big business.

Why it matters: This helps show the business momentum behind women's sports.

Follow Her Sports Daily for daily women's sports coverage.

#WomensSports #HerSportsDaily #SportsNews"
10,Women’s sports are booming for the Texas Longhorns — investment is the reason why,Save for Weekend,carousel,"Women’s sports are booming for the Texas Longhorns — investment is the reason why

Women's sports are becoming impossible for the business world to ignore.

Why it matters: This helps show the business momentum behind women's sports.

Swipe through for the quick breakdown.

#WomensSports #HerSportsDaily #SportsNews"
10,Women’s sports are booming for the Texas Longhorns — investment is the reason why,Save for Weekend,story,"Women’s sports are booming for the Texas Longhorns — investment is the reason why

Quick hit: This helps show the business momentum behind women's sports.

Want more? Follow Her Sports Daily.

#WomensSports #HerSportsDaily #SportsNews"
