source_name,sport_or_league,date,endpoint,http_status,ok,events_found,raw_events_found,date_matched_events,stale_events_found,likely_womens_events,women_relevance_score,sample_events,capabilities,recommended_role,notes
SofaScore public endpoints,basketball,2026-06-11,https://api.sofascore.com/api/v1/sport/basketball/scheduled-events/2026-06-11,403,No,0,0,0,0,0,0,,"Wide event discovery, live/final status, basic scores if accessible.",Blocked in GitHub Actions,403 Client Error: Forbidden for url: https://api.sofascore.com/api/v1/sport/basketball/scheduled-events/2026-06-11
SofaScore public endpoints,basketball,2026-06-11,https://www.sofascore.com/api/v1/sport/basketball/scheduled-events/2026-06-11,403,No,0,0,0,0,0,0,,"Wide event discovery, live/final status, basic scores if accessible.",Blocked in GitHub Actions,403 Client Error: Forbidden for url: https://www.sofascore.com/api/v1/sport/basketball/scheduled-events/2026-06-11
SofaScore public endpoints,basketball,2026-06-12,https://api.sofascore.com/api/v1/sport/basketball/scheduled-events/2026-06-12,403,No,0,0,0,0,0,0,,"Wide event discovery, live/final status, basic scores if accessible.",Blocked in GitHub Actions,403 Client Error: Forbidden for url: https://api.sofascore.com/api/v1/sport/basketball/scheduled-events/2026-06-12
SofaScore public endpoints,basketball,2026-06-12,https://www.sofascore.com/api/v1/sport/basketball/scheduled-events/2026-06-12,403,No,0,0,0,0,0,0,,"Wide event discovery, live/final status, basic scores if accessible.",Blocked in GitHub Actions,403 Client Error: Forbidden for url: https://www.sofascore.com/api/v1/sport/basketball/scheduled-events/2026-06-12
SofaScore public endpoints,basketball,2026-06-13,https://api.sofascore.com/api/v1/sport/basketball/scheduled-events/2026-06-13,403,No,0,0,0,0,0,0,,"Wide event discovery, live/final status, basic scores if accessible.",Blocked in GitHub Actions,403 Client Error: Forbidden for url: https://api.sofascore.com/api/v1/sport/basketball/scheduled-events/2026-06-13
SofaScore public endpoints,basketball,2026-06-13,https://www.sofascore.com/api/v1/sport/basketball/scheduled-events/2026-06-13,403,No,0,0,0,0,0,0,,"Wide event discovery, live/final status, basic scores if accessible.",Blocked in GitHub Actions,403 Client Error: Forbidden for url: https://www.sofascore.com/api/v1/sport/basketball/scheduled-events/2026-06-13
SofaScore public endpoints,basketball,2026-06-14,https://api.sofascore.com/api/v1/sport/basketball/scheduled-events/2026-06-14,403,No,0,0,0,0,0,0,,"Wide event discovery, live/final status, basic scores if accessible.",Blocked in GitHub Actions,403 Client Error: Forbidden for url: https://api.sofascore.com/api/v1/sport/basketball/scheduled-events/2026-06-14
SofaScore public endpoints,basketball,2026-06-14,https://www.sofascore.com/api/v1/sport/basketball/scheduled-events/2026-06-14,403,No,0,0,0,0,0,0,,"Wide event discovery, live/final status, basic scores if accessible.",Blocked in GitHub Actions,403 Client Error: Forbidden for url: https://www.sofascore.com/api/v1/sport/basketball/scheduled-events/2026-06-14
SofaScore public endpoints,football,2026-06-11,https://api.sofascore.com/api/v1/sport/football/scheduled-events/2026-06-11,403,No,0,0,0,0,0,0,,"Wide event discovery, live/final status, basic scores if accessible.",Blocked in GitHub Actions,403 Client Error: Forbidden for url: https://api.sofascore.com/api/v1/sport/football/scheduled-events/2026-06-11
SofaScore public endpoints,football,2026-06-11,https://www.sofascore.com/api/v1/sport/football/scheduled-events/2026-06-11,403,No,0,0,0,0,0,0,,"Wide event discovery, live/final status, basic scores if accessible.",Blocked in GitHub Actions,403 Client Error: Forbidden for url: https://www.sofascore.com/api/v1/sport/football/scheduled-events/2026-06-11
SofaScore public endpoints,football,2026-06-12,https://api.sofascore.com/api/v1/sport/football/scheduled-events/2026-06-12,403,No,0,0,0,0,0,0,,"Wide event discovery, live/final status, basic scores if accessible.",Blocked in GitHub Actions,403 Client Error: Forbidden for url: https://api.sofascore.com/api/v1/sport/football/scheduled-events/2026-06-12
SofaScore public endpoints,football,2026-06-12,https://www.sofascore.com/api/v1/sport/football/scheduled-events/2026-06-12,403,No,0,0,0,0,0,0,,"Wide event discovery, live/final status, basic scores if accessible.",Blocked in GitHub Actions,403 Client Error: Forbidden for url: https://www.sofascore.com/api/v1/sport/football/scheduled-events/2026-06-12
SofaScore public endpoints,football,2026-06-13,https://api.sofascore.com/api/v1/sport/football/scheduled-events/2026-06-13,403,No,0,0,0,0,0,0,,"Wide event discovery, live/final status, basic scores if accessible.",Blocked in GitHub Actions,403 Client Error: Forbidden for url: https://api.sofascore.com/api/v1/sport/football/scheduled-events/2026-06-13
SofaScore public endpoints,football,2026-06-13,https://www.sofascore.com/api/v1/sport/football/scheduled-events/2026-06-13,403,No,0,0,0,0,0,0,,"Wide event discovery, live/final status, basic scores if accessible.",Blocked in GitHub Actions,403 Client Error: Forbidden for url: https://www.sofascore.com/api/v1/sport/football/scheduled-events/2026-06-13
SofaScore public endpoints,football,2026-06-14,https://api.sofascore.com/api/v1/sport/football/scheduled-events/2026-06-14,403,No,0,0,0,0,0,0,,"Wide event discovery, live/final status, basic scores if accessible.",Blocked in GitHub Actions,403 Client Error: Forbidden for url: https://api.sofascore.com/api/v1/sport/football/scheduled-events/2026-06-14
SofaScore public endpoints,football,2026-06-14,https://www.sofascore.com/api/v1/sport/football/scheduled-events/2026-06-14,403,No,0,0,0,0,0,0,,"Wide event discovery, live/final status, basic scores if accessible.",Blocked in GitHub Actions,403 Client Error: Forbidden for url: https://www.sofascore.com/api/v1/sport/football/scheduled-events/2026-06-14
SofaScore public endpoints,tennis,2026-06-11,https://api.sofascore.com/api/v1/sport/tennis/scheduled-events/2026-06-11,403,No,0,0,0,0,0,0,,"Wide event discovery, live/final status, basic scores if accessible.",Blocked in GitHub Actions,403 Client Error: Forbidden for url: https://api.sofascore.com/api/v1/sport/tennis/scheduled-events/2026-06-11
SofaScore public endpoints,tennis,2026-06-11,https://www.sofascore.com/api/v1/sport/tennis/scheduled-events/2026-06-11,403,No,0,0,0,0,0,0,,"Wide event discovery, live/final status, basic scores if accessible.",Blocked in GitHub Actions,403 Client Error: Forbidden for url: https://www.sofascore.com/api/v1/sport/tennis/scheduled-events/2026-06-11
SofaScore public endpoints,tennis,2026-06-12,https://api.sofascore.com/api/v1/sport/tennis/scheduled-events/2026-06-12,403,No,0,0,0,0,0,0,,"Wide event discovery, live/final status, basic scores if accessible.",Blocked in GitHub Actions,403 Client Error: Forbidden for url: https://api.sofascore.com/api/v1/sport/tennis/scheduled-events/2026-06-12
SofaScore public endpoints,tennis,2026-06-12,https://www.sofascore.com/api/v1/sport/tennis/scheduled-events/2026-06-12,403,No,0,0,0,0,0,0,,"Wide event discovery, live/final status, basic scores if accessible.",Blocked in GitHub Actions,403 Client Error: Forbidden for url: https://www.sofascore.com/api/v1/sport/tennis/scheduled-events/2026-06-12
SofaScore public endpoints,tennis,2026-06-13,https://api.sofascore.com/api/v1/sport/tennis/scheduled-events/2026-06-13,403,No,0,0,0,0,0,0,,"Wide event discovery, live/final status, basic scores if accessible.",Blocked in GitHub Actions,403 Client Error: Forbidden for url: https://api.sofascore.com/api/v1/sport/tennis/scheduled-events/2026-06-13
SofaScore public endpoints,tennis,2026-06-13,https://www.sofascore.com/api/v1/sport/tennis/scheduled-events/2026-06-13,403,No,0,0,0,0,0,0,,"Wide event discovery, live/final status, basic scores if accessible.",Blocked in GitHub Actions,403 Client Error: Forbidden for url: https://www.sofascore.com/api/v1/sport/tennis/scheduled-events/2026-06-13
SofaScore public endpoints,tennis,2026-06-14,https://api.sofascore.com/api/v1/sport/tennis/scheduled-events/2026-06-14,403,No,0,0,0,0,0,0,,"Wide event discovery, live/final status, basic scores if accessible.",Blocked in GitHub Actions,403 Client Error: Forbidden for url: https://api.sofascore.com/api/v1/sport/tennis/scheduled-events/2026-06-14
SofaScore public endpoints,tennis,2026-06-14,https://www.sofascore.com/api/v1/sport/tennis/scheduled-events/2026-06-14,403,No,0,0,0,0,0,0,,"Wide event discovery, live/final status, basic scores if accessible.",Blocked in GitHub Actions,403 Client Error: Forbidden for url: https://www.sofascore.com/api/v1/sport/tennis/scheduled-events/2026-06-14
SofaScore public endpoints,volleyball,2026-06-11,https://api.sofascore.com/api/v1/sport/volleyball/scheduled-events/2026-06-11,403,No,0,0,0,0,0,0,,"Wide event discovery, live/final status, basic scores if accessible.",Blocked in GitHub Actions,403 Client Error: Forbidden for url: https://api.sofascore.com/api/v1/sport/volleyball/scheduled-events/2026-06-11
SofaScore public endpoints,volleyball,2026-06-11,https://www.sofascore.com/api/v1/sport/volleyball/scheduled-events/2026-06-11,403,No,0,0,0,0,0,0,,"Wide event discovery, live/final status, basic scores if accessible.",Blocked in GitHub Actions,403 Client Error: Forbidden for url: https://www.sofascore.com/api/v1/sport/volleyball/scheduled-events/2026-06-11
SofaScore public endpoints,volleyball,2026-06-12,https://api.sofascore.com/api/v1/sport/volleyball/scheduled-events/2026-06-12,403,No,0,0,0,0,0,0,,"Wide event discovery, live/final status, basic scores if accessible.",Blocked in GitHub Actions,403 Client Error: Forbidden for url: https://api.sofascore.com/api/v1/sport/volleyball/scheduled-events/2026-06-12
SofaScore public endpoints,volleyball,2026-06-12,https://www.sofascore.com/api/v1/sport/volleyball/scheduled-events/2026-06-12,403,No,0,0,0,0,0,0,,"Wide event discovery, live/final status, basic scores if accessible.",Blocked in GitHub Actions,403 Client Error: Forbidden for url: https://www.sofascore.com/api/v1/sport/volleyball/scheduled-events/2026-06-12
SofaScore public endpoints,volleyball,2026-06-13,https://api.sofascore.com/api/v1/sport/volleyball/scheduled-events/2026-06-13,403,No,0,0,0,0,0,0,,"Wide event discovery, live/final status, basic scores if accessible.",Blocked in GitHub Actions,403 Client Error: Forbidden for url: https://api.sofascore.com/api/v1/sport/volleyball/scheduled-events/2026-06-13
SofaScore public endpoints,volleyball,2026-06-13,https://www.sofascore.com/api/v1/sport/volleyball/scheduled-events/2026-06-13,403,No,0,0,0,0,0,0,,"Wide event discovery, live/final status, basic scores if accessible.",Blocked in GitHub Actions,403 Client Error: Forbidden for url: https://www.sofascore.com/api/v1/sport/volleyball/scheduled-events/2026-06-13
SofaScore public endpoints,volleyball,2026-06-14,https://api.sofascore.com/api/v1/sport/volleyball/scheduled-events/2026-06-14,403,No,0,0,0,0,0,0,,"Wide event discovery, live/final status, basic scores if accessible.",Blocked in GitHub Actions,403 Client Error: Forbidden for url: https://api.sofascore.com/api/v1/sport/volleyball/scheduled-events/2026-06-14
SofaScore public endpoints,volleyball,2026-06-14,https://www.sofascore.com/api/v1/sport/volleyball/scheduled-events/2026-06-14,403,No,0,0,0,0,0,0,,"Wide event discovery, live/final status, basic scores if accessible.",Blocked in GitHub Actions,403 Client Error: Forbidden for url: https://www.sofascore.com/api/v1/sport/volleyball/scheduled-events/2026-06-14
SofaScore public endpoints,ice-hockey,2026-06-11,https://api.sofascore.com/api/v1/sport/ice-hockey/scheduled-events/2026-06-11,403,No,0,0,0,0,0,0,,"Wide event discovery, live/final status, basic scores if accessible.",Blocked in GitHub Actions,403 Client Error: Forbidden for url: https://api.sofascore.com/api/v1/sport/ice-hockey/scheduled-events/2026-06-11
SofaScore public endpoints,ice-hockey,2026-06-11,https://www.sofascore.com/api/v1/sport/ice-hockey/scheduled-events/2026-06-11,403,No,0,0,0,0,0,0,,"Wide event discovery, live/final status, basic scores if accessible.",Blocked in GitHub Actions,403 Client Error: Forbidden for url: https://www.sofascore.com/api/v1/sport/ice-hockey/scheduled-events/2026-06-11
SofaScore public endpoints,ice-hockey,2026-06-12,https://api.sofascore.com/api/v1/sport/ice-hockey/scheduled-events/2026-06-12,403,No,0,0,0,0,0,0,,"Wide event discovery, live/final status, basic scores if accessible.",Blocked in GitHub Actions,403 Client Error: Forbidden for url: https://api.sofascore.com/api/v1/sport/ice-hockey/scheduled-events/2026-06-12
SofaScore public endpoints,ice-hockey,2026-06-12,https://www.sofascore.com/api/v1/sport/ice-hockey/scheduled-events/2026-06-12,403,No,0,0,0,0,0,0,,"Wide event discovery, live/final status, basic scores if accessible.",Blocked in GitHub Actions,403 Client Error: Forbidden for url: https://www.sofascore.com/api/v1/sport/ice-hockey/scheduled-events/2026-06-12
SofaScore public endpoints,ice-hockey,2026-06-13,https://api.sofascore.com/api/v1/sport/ice-hockey/scheduled-events/2026-06-13,403,No,0,0,0,0,0,0,,"Wide event discovery, live/final status, basic scores if accessible.",Blocked in GitHub Actions,403 Client Error: Forbidden for url: https://api.sofascore.com/api/v1/sport/ice-hockey/scheduled-events/2026-06-13
SofaScore public endpoints,ice-hockey,2026-06-13,https://www.sofascore.com/api/v1/sport/ice-hockey/scheduled-events/2026-06-13,403,No,0,0,0,0,0,0,,"Wide event discovery, live/final status, basic scores if accessible.",Blocked in GitHub Actions,403 Client Error: Forbidden for url: https://www.sofascore.com/api/v1/sport/ice-hockey/scheduled-events/2026-06-13
SofaScore public endpoints,ice-hockey,2026-06-14,https://api.sofascore.com/api/v1/sport/ice-hockey/scheduled-events/2026-06-14,403,No,0,0,0,0,0,0,,"Wide event discovery, live/final status, basic scores if accessible.",Blocked in GitHub Actions,403 Client Error: Forbidden for url: https://api.sofascore.com/api/v1/sport/ice-hockey/scheduled-events/2026-06-14
SofaScore public endpoints,ice-hockey,2026-06-14,https://www.sofascore.com/api/v1/sport/ice-hockey/scheduled-events/2026-06-14,403,No,0,0,0,0,0,0,,"Wide event discovery, live/final status, basic scores if accessible.",Blocked in GitHub Actions,403 Client Error: Forbidden for url: https://www.sofascore.com/api/v1/sport/ice-hockey/scheduled-events/2026-06-14
SofaScore public endpoints,handball,2026-06-11,https://api.sofascore.com/api/v1/sport/handball/scheduled-events/2026-06-11,403,No,0,0,0,0,0,0,,"Wide event discovery, live/final status, basic scores if accessible.",Blocked in GitHub Actions,403 Client Error: Forbidden for url: https://api.sofascore.com/api/v1/sport/handball/scheduled-events/2026-06-11
SofaScore public endpoints,handball,2026-06-11,https://www.sofascore.com/api/v1/sport/handball/scheduled-events/2026-06-11,403,No,0,0,0,0,0,0,,"Wide event discovery, live/final status, basic scores if accessible.",Blocked in GitHub Actions,403 Client Error: Forbidden for url: https://www.sofascore.com/api/v1/sport/handball/scheduled-events/2026-06-11
SofaScore public endpoints,handball,2026-06-12,https://api.sofascore.com/api/v1/sport/handball/scheduled-events/2026-06-12,403,No,0,0,0,0,0,0,,"Wide event discovery, live/final status, basic scores if accessible.",Blocked in GitHub Actions,403 Client Error: Forbidden for url: https://api.sofascore.com/api/v1/sport/handball/scheduled-events/2026-06-12
SofaScore public endpoints,handball,2026-06-12,https://www.sofascore.com/api/v1/sport/handball/scheduled-events/2026-06-12,403,No,0,0,0,0,0,0,,"Wide event discovery, live/final status, basic scores if accessible.",Blocked in GitHub Actions,403 Client Error: Forbidden for url: https://www.sofascore.com/api/v1/sport/handball/scheduled-events/2026-06-12
SofaScore public endpoints,handball,2026-06-13,https://api.sofascore.com/api/v1/sport/handball/scheduled-events/2026-06-13,403,No,0,0,0,0,0,0,,"Wide event discovery, live/final status, basic scores if accessible.",Blocked in GitHub Actions,403 Client Error: Forbidden for url: https://api.sofascore.com/api/v1/sport/handball/scheduled-events/2026-06-13
SofaScore public endpoints,handball,2026-06-13,https://www.sofascore.com/api/v1/sport/handball/scheduled-events/2026-06-13,403,No,0,0,0,0,0,0,,"Wide event discovery, live/final status, basic scores if accessible.",Blocked in GitHub Actions,403 Client Error: Forbidden for url: https://www.sofascore.com/api/v1/sport/handball/scheduled-events/2026-06-13
SofaScore public endpoints,handball,2026-06-14,https://api.sofascore.com/api/v1/sport/handball/scheduled-events/2026-06-14,403,No,0,0,0,0,0,0,,"Wide event discovery, live/final status, basic scores if accessible.",Blocked in GitHub Actions,403 Client Error: Forbidden for url: https://api.sofascore.com/api/v1/sport/handball/scheduled-events/2026-06-14
SofaScore public endpoints,handball,2026-06-14,https://www.sofascore.com/api/v1/sport/handball/scheduled-events/2026-06-14,403,No,0,0,0,0,0,0,,"Wide event discovery, live/final status, basic scores if accessible.",Blocked in GitHub Actions,403 Client Error: Forbidden for url: https://www.sofascore.com/api/v1/sport/handball/scheduled-events/2026-06-14
SofaScore public endpoints,baseball,2026-06-11,https://api.sofascore.com/api/v1/sport/baseball/scheduled-events/2026-06-11,403,No,0,0,0,0,0,0,,"Wide event discovery, live/final status, basic scores if accessible.",Blocked in GitHub Actions,403 Client Error: Forbidden for url: https://api.sofascore.com/api/v1/sport/baseball/scheduled-events/2026-06-11
SofaScore public endpoints,baseball,2026-06-11,https://www.sofascore.com/api/v1/sport/baseball/scheduled-events/2026-06-11,403,No,0,0,0,0,0,0,,"Wide event discovery, live/final status, basic scores if accessible.",Blocked in GitHub Actions,403 Client Error: Forbidden for url: https://www.sofascore.com/api/v1/sport/baseball/scheduled-events/2026-06-11
SofaScore public endpoints,baseball,2026-06-12,https://api.sofascore.com/api/v1/sport/baseball/scheduled-events/2026-06-12,403,No,0,0,0,0,0,0,,"Wide event discovery, live/final status, basic scores if accessible.",Blocked in GitHub Actions,403 Client Error: Forbidden for url: https://api.sofascore.com/api/v1/sport/baseball/scheduled-events/2026-06-12
SofaScore public endpoints,baseball,2026-06-12,https://www.sofascore.com/api/v1/sport/baseball/scheduled-events/2026-06-12,403,No,0,0,0,0,0,0,,"Wide event discovery, live/final status, basic scores if accessible.",Blocked in GitHub Actions,403 Client Error: Forbidden for url: https://www.sofascore.com/api/v1/sport/baseball/scheduled-events/2026-06-12
SofaScore public endpoints,baseball,2026-06-13,https://api.sofascore.com/api/v1/sport/baseball/scheduled-events/2026-06-13,403,No,0,0,0,0,0,0,,"Wide event discovery, live/final status, basic scores if accessible.",Blocked in GitHub Actions,403 Client Error: Forbidden for url: https://api.sofascore.com/api/v1/sport/baseball/scheduled-events/2026-06-13
SofaScore public endpoints,baseball,2026-06-13,https://www.sofascore.com/api/v1/sport/baseball/scheduled-events/2026-06-13,403,No,0,0,0,0,0,0,,"Wide event discovery, live/final status, basic scores if accessible.",Blocked in GitHub Actions,403 Client Error: Forbidden for url: https://www.sofascore.com/api/v1/sport/baseball/scheduled-events/2026-06-13
SofaScore public endpoints,baseball,2026-06-14,https://api.sofascore.com/api/v1/sport/baseball/scheduled-events/2026-06-14,403,No,0,0,0,0,0,0,,"Wide event discovery, live/final status, basic scores if accessible.",Blocked in GitHub Actions,403 Client Error: Forbidden for url: https://api.sofascore.com/api/v1/sport/baseball/scheduled-events/2026-06-14
SofaScore public endpoints,baseball,2026-06-14,https://www.sofascore.com/api/v1/sport/baseball/scheduled-events/2026-06-14,403,No,0,0,0,0,0,0,,"Wide event discovery, live/final status, basic scores if accessible.",Blocked in GitHub Actions,403 Client Error: Forbidden for url: https://www.sofascore.com/api/v1/sport/baseball/scheduled-events/2026-06-14
ESPN public scoreboard,WNBA,2026-06-11,https://site.api.espn.com/apis/site/v2/sports/basketball/wnba/scoreboard?dates=20260611,200,Yes,4,4,4,0,4,0,Chicago Sky at Indiana Fever | Final/OT | Fever 114 - Sky 106 || New York Liberty at Atlanta Dream | Final | Dream 90 - Liberty 104 || Phoenix Mercury at Dallas Wings | Final | Wings 85 - Mercury 70 || Las Vegas Aces at Portland Fire | Final | Fire 89 - Aces 105,"Structured scoreboard, date-specific status, scores, and some summary/box score endpoints.",Structured verification candidate,Date-specific scoreboard test.
ESPN public scoreboard,WNBA,2026-06-12,https://site.api.espn.com/apis/site/v2/sports/basketball/wnba/scoreboard?dates=20260612,200,Yes,2,2,2,0,2,0,"Toronto Tempo at Washington Mystics | Fri, June 12th at 7:30 PM EDT | Mystics 0 - Tempo 0 || Golden State Valkyries at Seattle Storm | Fri, June 12th at 10:00 PM EDT | Storm 0 - Valkyries 0","Structured scoreboard, date-specific status, scores, and some summary/box score endpoints.",Structured verification candidate,Date-specific scoreboard test.
ESPN public scoreboard,WNBA,2026-06-13,https://site.api.espn.com/apis/site/v2/sports/basketball/wnba/scoreboard?dates=20260613,200,Yes,4,4,4,0,4,0,"Indiana Fever at Connecticut Sun | Sat, June 13th at 6:00 PM EDT | Sun 0 - Fever 0 || Minnesota Lynx at Las Vegas Aces | Sat, June 13th at 8:00 PM EDT | Aces 0 - Lynx 0 || Dallas Wings at Portland Fire | Sat, June 13th at 8:30 PM EDT | Fire 0 - Wings 0 || Los Angeles Sparks at Phoenix Mercury | Sat, June 13th at 10:00 PM EDT | Mercury 0 - Sparks 0","Structured scoreboard, date-specific status, scores, and some summary/box score endpoints.",Structured verification candidate,Date-specific scoreboard test.
ESPN public scoreboard,WNBA,2026-06-14,https://site.api.espn.com/apis/site/v2/sports/basketball/wnba/scoreboard?dates=20260614,200,Yes,2,2,2,0,2,0,"Washington Mystics at New York Liberty | Sun, June 14th at 3:00 PM EDT | Liberty 0 - Mystics 0 || Atlanta Dream at Toronto Tempo | Sun, June 14th at 3:00 PM EDT | Tempo 0 - Dream 0","Structured scoreboard, date-specific status, scores, and some summary/box score endpoints.",Structured verification candidate,Date-specific scoreboard test.
ESPN public scoreboard,NCAA Women's Basketball,2026-06-11,https://site.api.espn.com/apis/site/v2/sports/basketball/womens-college-basketball/scoreboard?dates=20260611,200,Yes,0,0,0,0,0,0,,"Structured scoreboard, date-specific status, scores, and some summary/box score endpoints.",Do not use yet,Date-specific scoreboard test.
ESPN public scoreboard,NCAA Women's Basketball,2026-06-12,https://site.api.espn.com/apis/site/v2/sports/basketball/womens-college-basketball/scoreboard?dates=20260612,200,Yes,0,0,0,0,0,0,,"Structured scoreboard, date-specific status, scores, and some summary/box score endpoints.",Do not use yet,Date-specific scoreboard test.
ESPN public scoreboard,NCAA Women's Basketball,2026-06-13,https://site.api.espn.com/apis/site/v2/sports/basketball/womens-college-basketball/scoreboard?dates=20260613,200,Yes,0,0,0,0,0,0,,"Structured scoreboard, date-specific status, scores, and some summary/box score endpoints.",Do not use yet,Date-specific scoreboard test.
ESPN public scoreboard,NCAA Women's Basketball,2026-06-14,https://site.api.espn.com/apis/site/v2/sports/basketball/womens-college-basketball/scoreboard?dates=20260614,200,Yes,0,0,0,0,0,0,,"Structured scoreboard, date-specific status, scores, and some summary/box score endpoints.",Do not use yet,Date-specific scoreboard test.
ESPN public scoreboard,NCAA Softball,2026-06-11,https://site.api.espn.com/apis/site/v2/sports/softball/college-softball/scoreboard?dates=20260611,400,No,0,0,0,0,0,0,,"Structured scoreboard, date-specific status, scores, and some summary/box score endpoints.",Do not use yet,400 Client Error: Bad Request for url: https://site.api.espn.com/apis/site/v2/sports/softball/college-softball/scoreboard?dates=20260611
ESPN public scoreboard,NCAA Softball,2026-06-12,https://site.api.espn.com/apis/site/v2/sports/softball/college-softball/scoreboard?dates=20260612,400,No,0,0,0,0,0,0,,"Structured scoreboard, date-specific status, scores, and some summary/box score endpoints.",Do not use yet,400 Client Error: Bad Request for url: https://site.api.espn.com/apis/site/v2/sports/softball/college-softball/scoreboard?dates=20260612
ESPN public scoreboard,NCAA Softball,2026-06-13,https://site.api.espn.com/apis/site/v2/sports/softball/college-softball/scoreboard?dates=20260613,400,No,0,0,0,0,0,0,,"Structured scoreboard, date-specific status, scores, and some summary/box score endpoints.",Do not use yet,400 Client Error: Bad Request for url: https://site.api.espn.com/apis/site/v2/sports/softball/college-softball/scoreboard?dates=20260613
ESPN public scoreboard,NCAA Softball,2026-06-14,https://site.api.espn.com/apis/site/v2/sports/softball/college-softball/scoreboard?dates=20260614,400,No,0,0,0,0,0,0,,"Structured scoreboard, date-specific status, scores, and some summary/box score endpoints.",Do not use yet,400 Client Error: Bad Request for url: https://site.api.espn.com/apis/site/v2/sports/softball/college-softball/scoreboard?dates=20260614
ESPN public scoreboard,NWSL,2026-06-11,https://site.api.espn.com/apis/site/v2/sports/soccer/usa.nwsl/scoreboard?dates=20260611,200,Yes,0,0,0,0,0,0,,"Structured scoreboard, date-specific status, scores, and some summary/box score endpoints.",Do not use yet,Date-specific scoreboard test.
ESPN public scoreboard,NWSL,2026-06-12,https://site.api.espn.com/apis/site/v2/sports/soccer/usa.nwsl/scoreboard?dates=20260612,200,Yes,0,0,0,0,0,0,,"Structured scoreboard, date-specific status, scores, and some summary/box score endpoints.",Do not use yet,Date-specific scoreboard test.
ESPN public scoreboard,NWSL,2026-06-13,https://site.api.espn.com/apis/site/v2/sports/soccer/usa.nwsl/scoreboard?dates=20260613,200,Yes,0,0,0,0,0,0,,"Structured scoreboard, date-specific status, scores, and some summary/box score endpoints.",Do not use yet,Date-specific scoreboard test.
ESPN public scoreboard,NWSL,2026-06-14,https://site.api.espn.com/apis/site/v2/sports/soccer/usa.nwsl/scoreboard?dates=20260614,200,Yes,0,0,0,0,0,0,,"Structured scoreboard, date-specific status, scores, and some summary/box score endpoints.",Do not use yet,Date-specific scoreboard test.
ESPN public scoreboard,NCAA Women's Volleyball,2026-06-11,https://site.api.espn.com/apis/site/v2/sports/volleyball/womens-college-volleyball/scoreboard?dates=20260611,200,Yes,0,0,0,0,0,0,,"Structured scoreboard, date-specific status, scores, and some summary/box score endpoints.",Do not use yet,Date-specific scoreboard test.
ESPN public scoreboard,NCAA Women's Volleyball,2026-06-12,https://site.api.espn.com/apis/site/v2/sports/volleyball/womens-college-volleyball/scoreboard?dates=20260612,200,Yes,0,0,0,0,0,0,,"Structured scoreboard, date-specific status, scores, and some summary/box score endpoints.",Do not use yet,Date-specific scoreboard test.
ESPN public scoreboard,NCAA Women's Volleyball,2026-06-13,https://site.api.espn.com/apis/site/v2/sports/volleyball/womens-college-volleyball/scoreboard?dates=20260613,200,Yes,0,0,0,0,0,0,,"Structured scoreboard, date-specific status, scores, and some summary/box score endpoints.",Do not use yet,Date-specific scoreboard test.
ESPN public scoreboard,NCAA Women's Volleyball,2026-06-14,https://site.api.espn.com/apis/site/v2/sports/volleyball/womens-college-volleyball/scoreboard?dates=20260614,200,Yes,0,0,0,0,0,0,,"Structured scoreboard, date-specific status, scores, and some summary/box score endpoints.",Do not use yet,Date-specific scoreboard test.
ESPN public scoreboard,NCAA Women's Soccer,2026-06-11,https://site.api.espn.com/apis/site/v2/sports/soccer/womens-college-soccer/scoreboard?dates=20260611,400,No,0,0,0,0,0,0,,"Structured scoreboard, date-specific status, scores, and some summary/box score endpoints.",Do not use yet,400 Client Error: Bad Request for url: https://site.api.espn.com/apis/site/v2/sports/soccer/womens-college-soccer/scoreboard?dates=20260611
ESPN public scoreboard,NCAA Women's Soccer,2026-06-12,https://site.api.espn.com/apis/site/v2/sports/soccer/womens-college-soccer/scoreboard?dates=20260612,400,No,0,0,0,0,0,0,,"Structured scoreboard, date-specific status, scores, and some summary/box score endpoints.",Do not use yet,400 Client Error: Bad Request for url: https://site.api.espn.com/apis/site/v2/sports/soccer/womens-college-soccer/scoreboard?dates=20260612
ESPN public scoreboard,NCAA Women's Soccer,2026-06-13,https://site.api.espn.com/apis/site/v2/sports/soccer/womens-college-soccer/scoreboard?dates=20260613,400,No,0,0,0,0,0,0,,"Structured scoreboard, date-specific status, scores, and some summary/box score endpoints.",Do not use yet,400 Client Error: Bad Request for url: https://site.api.espn.com/apis/site/v2/sports/soccer/womens-college-soccer/scoreboard?dates=20260613
ESPN public scoreboard,NCAA Women's Soccer,2026-06-14,https://site.api.espn.com/apis/site/v2/sports/soccer/womens-college-soccer/scoreboard?dates=20260614,400,No,0,0,0,0,0,0,,"Structured scoreboard, date-specific status, scores, and some summary/box score endpoints.",Do not use yet,400 Client Error: Bad Request for url: https://site.api.espn.com/apis/site/v2/sports/soccer/womens-college-soccer/scoreboard?dates=20260614
NCAA API / ncaa.com-derived,DI Softball,2026-06-11,https://ncaa-api.henrygd.me/scoreboard/softball/d1/2026-06-11,200,Yes,0,1,0,1,0,0,,College scoreboard/game details if endpoint works and dates match. Strong NCAA candidate only when fresh.,Do not use yet,Raw events: 1. Fresh/date-matched: 0. Stale rejected: 1.
NCAA API / ncaa.com-derived,DI Softball,2026-06-11,https://ncaa-api.henrygd.me/scoreboard/softball/d1/20260611,200,Yes,0,1,0,1,0,0,,College scoreboard/game details if endpoint works and dates match. Strong NCAA candidate only when fresh.,Do not use yet,Raw events: 1. Fresh/date-matched: 0. Stale rejected: 1.
NCAA API / ncaa.com-derived,DI Softball,2026-06-11,https://ncaa-api.henrygd.me/scoreboard/d1/softball/2026-06-11,422,No,0,0,0,0,0,0,,College scoreboard/game details if endpoint works and dates match. Strong NCAA candidate only when fresh.,Do not use yet,422 Client Error: Unprocessable Entity for url: https://ncaa-api.henrygd.me/scoreboard/d1/softball/2026-06-11
NCAA API / ncaa.com-derived,DI Softball,2026-06-11,https://ncaa-api.henrygd.me/game/scoreboard/softball/d1/2026-06-11,422,No,0,0,0,0,0,0,,College scoreboard/game details if endpoint works and dates match. Strong NCAA candidate only when fresh.,Do not use yet,422 Client Error: Unprocessable Entity for url: https://ncaa-api.henrygd.me/game/scoreboard/softball/d1/2026-06-11
NCAA API / ncaa.com-derived,DI Softball,2026-06-12,https://ncaa-api.henrygd.me/scoreboard/softball/d1/2026-06-12,200,Yes,0,1,0,1,0,0,,College scoreboard/game details if endpoint works and dates match. Strong NCAA candidate only when fresh.,Do not use yet,Raw events: 1. Fresh/date-matched: 0. Stale rejected: 1.
NCAA API / ncaa.com-derived,DI Softball,2026-06-12,https://ncaa-api.henrygd.me/scoreboard/softball/d1/20260612,200,Yes,0,1,0,1,0,0,,College scoreboard/game details if endpoint works and dates match. Strong NCAA candidate only when fresh.,Do not use yet,Raw events: 1. Fresh/date-matched: 0. Stale rejected: 1.
NCAA API / ncaa.com-derived,DI Softball,2026-06-12,https://ncaa-api.henrygd.me/scoreboard/d1/softball/2026-06-12,422,No,0,0,0,0,0,0,,College scoreboard/game details if endpoint works and dates match. Strong NCAA candidate only when fresh.,Do not use yet,422 Client Error: Unprocessable Entity for url: https://ncaa-api.henrygd.me/scoreboard/d1/softball/2026-06-12
NCAA API / ncaa.com-derived,DI Softball,2026-06-12,https://ncaa-api.henrygd.me/game/scoreboard/softball/d1/2026-06-12,422,No,0,0,0,0,0,0,,College scoreboard/game details if endpoint works and dates match. Strong NCAA candidate only when fresh.,Do not use yet,422 Client Error: Unprocessable Entity for url: https://ncaa-api.henrygd.me/game/scoreboard/softball/d1/2026-06-12
NCAA API / ncaa.com-derived,DI Softball,2026-06-13,https://ncaa-api.henrygd.me/scoreboard/softball/d1/2026-06-13,200,Yes,0,1,0,1,0,0,,College scoreboard/game details if endpoint works and dates match. Strong NCAA candidate only when fresh.,Do not use yet,Raw events: 1. Fresh/date-matched: 0. Stale rejected: 1.
NCAA API / ncaa.com-derived,DI Softball,2026-06-13,https://ncaa-api.henrygd.me/scoreboard/softball/d1/20260613,200,Yes,0,1,0,1,0,0,,College scoreboard/game details if endpoint works and dates match. Strong NCAA candidate only when fresh.,Do not use yet,Raw events: 1. Fresh/date-matched: 0. Stale rejected: 1.
NCAA API / ncaa.com-derived,DI Softball,2026-06-13,https://ncaa-api.henrygd.me/scoreboard/d1/softball/2026-06-13,422,No,0,0,0,0,0,0,,College scoreboard/game details if endpoint works and dates match. Strong NCAA candidate only when fresh.,Do not use yet,422 Client Error: Unprocessable Entity for url: https://ncaa-api.henrygd.me/scoreboard/d1/softball/2026-06-13
NCAA API / ncaa.com-derived,DI Softball,2026-06-13,https://ncaa-api.henrygd.me/game/scoreboard/softball/d1/2026-06-13,422,No,0,0,0,0,0,0,,College scoreboard/game details if endpoint works and dates match. Strong NCAA candidate only when fresh.,Do not use yet,422 Client Error: Unprocessable Entity for url: https://ncaa-api.henrygd.me/game/scoreboard/softball/d1/2026-06-13
NCAA API / ncaa.com-derived,DI Softball,2026-06-14,https://ncaa-api.henrygd.me/scoreboard/softball/d1/2026-06-14,200,Yes,0,1,0,1,0,0,,College scoreboard/game details if endpoint works and dates match. Strong NCAA candidate only when fresh.,Do not use yet,Raw events: 1. Fresh/date-matched: 0. Stale rejected: 1.
NCAA API / ncaa.com-derived,DI Softball,2026-06-14,https://ncaa-api.henrygd.me/scoreboard/softball/d1/20260614,200,Yes,0,1,0,1,0,0,,College scoreboard/game details if endpoint works and dates match. Strong NCAA candidate only when fresh.,Do not use yet,Raw events: 1. Fresh/date-matched: 0. Stale rejected: 1.
NCAA API / ncaa.com-derived,DI Softball,2026-06-14,https://ncaa-api.henrygd.me/scoreboard/d1/softball/2026-06-14,422,No,0,0,0,0,0,0,,College scoreboard/game details if endpoint works and dates match. Strong NCAA candidate only when fresh.,Do not use yet,422 Client Error: Unprocessable Entity for url: https://ncaa-api.henrygd.me/scoreboard/d1/softball/2026-06-14
NCAA API / ncaa.com-derived,DI Softball,2026-06-14,https://ncaa-api.henrygd.me/game/scoreboard/softball/d1/2026-06-14,422,No,0,0,0,0,0,0,,College scoreboard/game details if endpoint works and dates match. Strong NCAA candidate only when fresh.,Do not use yet,422 Client Error: Unprocessable Entity for url: https://ncaa-api.henrygd.me/game/scoreboard/softball/d1/2026-06-14
NCAA API / ncaa.com-derived,DII Softball,2026-06-11,https://ncaa-api.henrygd.me/scoreboard/softball/d2/2026-06-11,200,Yes,0,1,0,1,0,0,,College scoreboard/game details if endpoint works and dates match. Strong NCAA candidate only when fresh.,Do not use yet,Raw events: 1. Fresh/date-matched: 0. Stale rejected: 1.
NCAA API / ncaa.com-derived,DII Softball,2026-06-11,https://ncaa-api.henrygd.me/scoreboard/softball/d2/20260611,200,Yes,0,1,0,1,0,0,,College scoreboard/game details if endpoint works and dates match. Strong NCAA candidate only when fresh.,Do not use yet,Raw events: 1. Fresh/date-matched: 0. Stale rejected: 1.
NCAA API / ncaa.com-derived,DII Softball,2026-06-11,https://ncaa-api.henrygd.me/scoreboard/d2/softball/2026-06-11,422,No,0,0,0,0,0,0,,College scoreboard/game details if endpoint works and dates match. Strong NCAA candidate only when fresh.,Do not use yet,422 Client Error: Unprocessable Entity for url: https://ncaa-api.henrygd.me/scoreboard/d2/softball/2026-06-11
NCAA API / ncaa.com-derived,DII Softball,2026-06-11,https://ncaa-api.henrygd.me/game/scoreboard/softball/d2/2026-06-11,422,No,0,0,0,0,0,0,,College scoreboard/game details if endpoint works and dates match. Strong NCAA candidate only when fresh.,Do not use yet,422 Client Error: Unprocessable Entity for url: https://ncaa-api.henrygd.me/game/scoreboard/softball/d2/2026-06-11
NCAA API / ncaa.com-derived,DII Softball,2026-06-12,https://ncaa-api.henrygd.me/scoreboard/softball/d2/2026-06-12,200,Yes,0,1,0,1,0,0,,College scoreboard/game details if endpoint works and dates match. Strong NCAA candidate only when fresh.,Do not use yet,Raw events: 1. Fresh/date-matched: 0. Stale rejected: 1.
NCAA API / ncaa.com-derived,DII Softball,2026-06-12,https://ncaa-api.henrygd.me/scoreboard/softball/d2/20260612,200,Yes,0,1,0,1,0,0,,College scoreboard/game details if endpoint works and dates match. Strong NCAA candidate only when fresh.,Do not use yet,Raw events: 1. Fresh/date-matched: 0. Stale rejected: 1.
NCAA API / ncaa.com-derived,DII Softball,2026-06-12,https://ncaa-api.henrygd.me/scoreboard/d2/softball/2026-06-12,422,No,0,0,0,0,0,0,,College scoreboard/game details if endpoint works and dates match. Strong NCAA candidate only when fresh.,Do not use yet,422 Client Error: Unprocessable Entity for url: https://ncaa-api.henrygd.me/scoreboard/d2/softball/2026-06-12
NCAA API / ncaa.com-derived,DII Softball,2026-06-12,https://ncaa-api.henrygd.me/game/scoreboard/softball/d2/2026-06-12,422,No,0,0,0,0,0,0,,College scoreboard/game details if endpoint works and dates match. Strong NCAA candidate only when fresh.,Do not use yet,422 Client Error: Unprocessable Entity for url: https://ncaa-api.henrygd.me/game/scoreboard/softball/d2/2026-06-12
NCAA API / ncaa.com-derived,DII Softball,2026-06-13,https://ncaa-api.henrygd.me/scoreboard/softball/d2/2026-06-13,200,Yes,0,1,0,1,0,0,,College scoreboard/game details if endpoint works and dates match. Strong NCAA candidate only when fresh.,Do not use yet,Raw events: 1. Fresh/date-matched: 0. Stale rejected: 1.
NCAA API / ncaa.com-derived,DII Softball,2026-06-13,https://ncaa-api.henrygd.me/scoreboard/softball/d2/20260613,200,Yes,0,1,0,1,0,0,,College scoreboard/game details if endpoint works and dates match. Strong NCAA candidate only when fresh.,Do not use yet,Raw events: 1. Fresh/date-matched: 0. Stale rejected: 1.
NCAA API / ncaa.com-derived,DII Softball,2026-06-13,https://ncaa-api.henrygd.me/scoreboard/d2/softball/2026-06-13,422,No,0,0,0,0,0,0,,College scoreboard/game details if endpoint works and dates match. Strong NCAA candidate only when fresh.,Do not use yet,422 Client Error: Unprocessable Entity for url: https://ncaa-api.henrygd.me/scoreboard/d2/softball/2026-06-13
NCAA API / ncaa.com-derived,DII Softball,2026-06-13,https://ncaa-api.henrygd.me/game/scoreboard/softball/d2/2026-06-13,422,No,0,0,0,0,0,0,,College scoreboard/game details if endpoint works and dates match. Strong NCAA candidate only when fresh.,Do not use yet,422 Client Error: Unprocessable Entity for url: https://ncaa-api.henrygd.me/game/scoreboard/softball/d2/2026-06-13
NCAA API / ncaa.com-derived,DII Softball,2026-06-14,https://ncaa-api.henrygd.me/scoreboard/softball/d2/2026-06-14,200,Yes,0,1,0,1,0,0,,College scoreboard/game details if endpoint works and dates match. Strong NCAA candidate only when fresh.,Do not use yet,Raw events: 1. Fresh/date-matched: 0. Stale rejected: 1.
NCAA API / ncaa.com-derived,DII Softball,2026-06-14,https://ncaa-api.henrygd.me/scoreboard/softball/d2/20260614,200,Yes,0,1,0,1,0,0,,College scoreboard/game details if endpoint works and dates match. Strong NCAA candidate only when fresh.,Do not use yet,Raw events: 1. Fresh/date-matched: 0. Stale rejected: 1.
NCAA API / ncaa.com-derived,DII Softball,2026-06-14,https://ncaa-api.henrygd.me/scoreboard/d2/softball/2026-06-14,422,No,0,0,0,0,0,0,,College scoreboard/game details if endpoint works and dates match. Strong NCAA candidate only when fresh.,Do not use yet,422 Client Error: Unprocessable Entity for url: https://ncaa-api.henrygd.me/scoreboard/d2/softball/2026-06-14
NCAA API / ncaa.com-derived,DII Softball,2026-06-14,https://ncaa-api.henrygd.me/game/scoreboard/softball/d2/2026-06-14,422,No,0,0,0,0,0,0,,College scoreboard/game details if endpoint works and dates match. Strong NCAA candidate only when fresh.,Do not use yet,422 Client Error: Unprocessable Entity for url: https://ncaa-api.henrygd.me/game/scoreboard/softball/d2/2026-06-14
NCAA API / ncaa.com-derived,DIII Softball,2026-06-11,https://ncaa-api.henrygd.me/scoreboard/softball/d3/2026-06-11,200,Yes,0,1,0,1,0,0,,College scoreboard/game details if endpoint works and dates match. Strong NCAA candidate only when fresh.,Do not use yet,Raw events: 1. Fresh/date-matched: 0. Stale rejected: 1.
NCAA API / ncaa.com-derived,DIII Softball,2026-06-11,https://ncaa-api.henrygd.me/scoreboard/softball/d3/20260611,200,Yes,0,1,0,1,0,0,,College scoreboard/game details if endpoint works and dates match. Strong NCAA candidate only when fresh.,Do not use yet,Raw events: 1. Fresh/date-matched: 0. Stale rejected: 1.
NCAA API / ncaa.com-derived,DIII Softball,2026-06-11,https://ncaa-api.henrygd.me/scoreboard/d3/softball/2026-06-11,422,No,0,0,0,0,0,0,,College scoreboard/game details if endpoint works and dates match. Strong NCAA candidate only when fresh.,Do not use yet,422 Client Error: Unprocessable Entity for url: https://ncaa-api.henrygd.me/scoreboard/d3/softball/2026-06-11
NCAA API / ncaa.com-derived,DIII Softball,2026-06-11,https://ncaa-api.henrygd.me/game/scoreboard/softball/d3/2026-06-11,422,No,0,0,0,0,0,0,,College scoreboard/game details if endpoint works and dates match. Strong NCAA candidate only when fresh.,Do not use yet,422 Client Error: Unprocessable Entity for url: https://ncaa-api.henrygd.me/game/scoreboard/softball/d3/2026-06-11
NCAA API / ncaa.com-derived,DIII Softball,2026-06-12,https://ncaa-api.henrygd.me/scoreboard/softball/d3/2026-06-12,200,Yes,0,1,0,1,0,0,,College scoreboard/game details if endpoint works and dates match. Strong NCAA candidate only when fresh.,Do not use yet,Raw events: 1. Fresh/date-matched: 0. Stale rejected: 1.
NCAA API / ncaa.com-derived,DIII Softball,2026-06-12,https://ncaa-api.henrygd.me/scoreboard/softball/d3/20260612,200,Yes,0,1,0,1,0,0,,College scoreboard/game details if endpoint works and dates match. Strong NCAA candidate only when fresh.,Do not use yet,Raw events: 1. Fresh/date-matched: 0. Stale rejected: 1.
NCAA API / ncaa.com-derived,DIII Softball,2026-06-12,https://ncaa-api.henrygd.me/scoreboard/d3/softball/2026-06-12,422,No,0,0,0,0,0,0,,College scoreboard/game details if endpoint works and dates match. Strong NCAA candidate only when fresh.,Do not use yet,422 Client Error: Unprocessable Entity for url: https://ncaa-api.henrygd.me/scoreboard/d3/softball/2026-06-12
NCAA API / ncaa.com-derived,DIII Softball,2026-06-12,https://ncaa-api.henrygd.me/game/scoreboard/softball/d3/2026-06-12,422,No,0,0,0,0,0,0,,College scoreboard/game details if endpoint works and dates match. Strong NCAA candidate only when fresh.,Do not use yet,422 Client Error: Unprocessable Entity for url: https://ncaa-api.henrygd.me/game/scoreboard/softball/d3/2026-06-12
NCAA API / ncaa.com-derived,DIII Softball,2026-06-13,https://ncaa-api.henrygd.me/scoreboard/softball/d3/2026-06-13,200,Yes,0,1,0,1,0,0,,College scoreboard/game details if endpoint works and dates match. Strong NCAA candidate only when fresh.,Do not use yet,Raw events: 1. Fresh/date-matched: 0. Stale rejected: 1.
NCAA API / ncaa.com-derived,DIII Softball,2026-06-13,https://ncaa-api.henrygd.me/scoreboard/softball/d3/20260613,200,Yes,0,1,0,1,0,0,,College scoreboard/game details if endpoint works and dates match. Strong NCAA candidate only when fresh.,Do not use yet,Raw events: 1. Fresh/date-matched: 0. Stale rejected: 1.
NCAA API / ncaa.com-derived,DIII Softball,2026-06-13,https://ncaa-api.henrygd.me/scoreboard/d3/softball/2026-06-13,422,No,0,0,0,0,0,0,,College scoreboard/game details if endpoint works and dates match. Strong NCAA candidate only when fresh.,Do not use yet,422 Client Error: Unprocessable Entity for url: https://ncaa-api.henrygd.me/scoreboard/d3/softball/2026-06-13
NCAA API / ncaa.com-derived,DIII Softball,2026-06-13,https://ncaa-api.henrygd.me/game/scoreboard/softball/d3/2026-06-13,422,No,0,0,0,0,0,0,,College scoreboard/game details if endpoint works and dates match. Strong NCAA candidate only when fresh.,Do not use yet,422 Client Error: Unprocessable Entity for url: https://ncaa-api.henrygd.me/game/scoreboard/softball/d3/2026-06-13
NCAA API / ncaa.com-derived,DIII Softball,2026-06-14,https://ncaa-api.henrygd.me/scoreboard/softball/d3/2026-06-14,200,Yes,0,1,0,1,0,0,,College scoreboard/game details if endpoint works and dates match. Strong NCAA candidate only when fresh.,Do not use yet,Raw events: 1. Fresh/date-matched: 0. Stale rejected: 1.
NCAA API / ncaa.com-derived,DIII Softball,2026-06-14,https://ncaa-api.henrygd.me/scoreboard/softball/d3/20260614,200,Yes,0,1,0,1,0,0,,College scoreboard/game details if endpoint works and dates match. Strong NCAA candidate only when fresh.,Do not use yet,Raw events: 1. Fresh/date-matched: 0. Stale rejected: 1.
NCAA API / ncaa.com-derived,DIII Softball,2026-06-14,https://ncaa-api.henrygd.me/scoreboard/d3/softball/2026-06-14,422,No,0,0,0,0,0,0,,College scoreboard/game details if endpoint works and dates match. Strong NCAA candidate only when fresh.,Do not use yet,422 Client Error: Unprocessable Entity for url: https://ncaa-api.henrygd.me/scoreboard/d3/softball/2026-06-14
NCAA API / ncaa.com-derived,DIII Softball,2026-06-14,https://ncaa-api.henrygd.me/game/scoreboard/softball/d3/2026-06-14,422,No,0,0,0,0,0,0,,College scoreboard/game details if endpoint works and dates match. Strong NCAA candidate only when fresh.,Do not use yet,422 Client Error: Unprocessable Entity for url: https://ncaa-api.henrygd.me/game/scoreboard/softball/d3/2026-06-14
NCAA API / ncaa.com-derived,DI Women's Basketball,2026-06-11,https://ncaa-api.henrygd.me/scoreboard/basketball-women/d1/2026-06-11,200,Yes,0,1,0,1,0,0,,College scoreboard/game details if endpoint works and dates match. Strong NCAA candidate only when fresh.,Do not use yet,Raw events: 1. Fresh/date-matched: 0. Stale rejected: 1.
NCAA API / ncaa.com-derived,DI Women's Basketball,2026-06-11,https://ncaa-api.henrygd.me/scoreboard/basketball-women/d1/20260611,200,Yes,0,1,0,1,0,0,,College scoreboard/game details if endpoint works and dates match. Strong NCAA candidate only when fresh.,Do not use yet,Raw events: 1. Fresh/date-matched: 0. Stale rejected: 1.
NCAA API / ncaa.com-derived,DI Women's Basketball,2026-06-11,https://ncaa-api.henrygd.me/scoreboard/d1/basketball-women/2026-06-11,422,No,0,0,0,0,0,0,,College scoreboard/game details if endpoint works and dates match. Strong NCAA candidate only when fresh.,Do not use yet,422 Client Error: Unprocessable Entity for url: https://ncaa-api.henrygd.me/scoreboard/d1/basketball-women/2026-06-11
NCAA API / ncaa.com-derived,DI Women's Basketball,2026-06-11,https://ncaa-api.henrygd.me/game/scoreboard/basketball-women/d1/2026-06-11,422,No,0,0,0,0,0,0,,College scoreboard/game details if endpoint works and dates match. Strong NCAA candidate only when fresh.,Do not use yet,422 Client Error: Unprocessable Entity for url: https://ncaa-api.henrygd.me/game/scoreboard/basketball-women/d1/2026-06-11
NCAA API / ncaa.com-derived,DI Women's Basketball,2026-06-12,https://ncaa-api.henrygd.me/scoreboard/basketball-women/d1/2026-06-12,200,Yes,0,1,0,1,0,0,,College scoreboard/game details if endpoint works and dates match. Strong NCAA candidate only when fresh.,Do not use yet,Raw events: 1. Fresh/date-matched: 0. Stale rejected: 1.
NCAA API / ncaa.com-derived,DI Women's Basketball,2026-06-12,https://ncaa-api.henrygd.me/scoreboard/basketball-women/d1/20260612,200,Yes,0,1,0,1,0,0,,College scoreboard/game details if endpoint works and dates match. Strong NCAA candidate only when fresh.,Do not use yet,Raw events: 1. Fresh/date-matched: 0. Stale rejected: 1.
NCAA API / ncaa.com-derived,DI Women's Basketball,2026-06-12,https://ncaa-api.henrygd.me/scoreboard/d1/basketball-women/2026-06-12,422,No,0,0,0,0,0,0,,College scoreboard/game details if endpoint works and dates match. Strong NCAA candidate only when fresh.,Do not use yet,422 Client Error: Unprocessable Entity for url: https://ncaa-api.henrygd.me/scoreboard/d1/basketball-women/2026-06-12
NCAA API / ncaa.com-derived,DI Women's Basketball,2026-06-12,https://ncaa-api.henrygd.me/game/scoreboard/basketball-women/d1/2026-06-12,422,No,0,0,0,0,0,0,,College scoreboard/game details if endpoint works and dates match. Strong NCAA candidate only when fresh.,Do not use yet,422 Client Error: Unprocessable Entity for url: https://ncaa-api.henrygd.me/game/scoreboard/basketball-women/d1/2026-06-12
NCAA API / ncaa.com-derived,DI Women's Basketball,2026-06-13,https://ncaa-api.henrygd.me/scoreboard/basketball-women/d1/2026-06-13,200,Yes,0,1,0,1,0,0,,College scoreboard/game details if endpoint works and dates match. Strong NCAA candidate only when fresh.,Do not use yet,Raw events: 1. Fresh/date-matched: 0. Stale rejected: 1.
NCAA API / ncaa.com-derived,DI Women's Basketball,2026-06-13,https://ncaa-api.henrygd.me/scoreboard/basketball-women/d1/20260613,200,Yes,0,1,0,1,0,0,,College scoreboard/game details if endpoint works and dates match. Strong NCAA candidate only when fresh.,Do not use yet,Raw events: 1. Fresh/date-matched: 0. Stale rejected: 1.
NCAA API / ncaa.com-derived,DI Women's Basketball,2026-06-13,https://ncaa-api.henrygd.me/scoreboard/d1/basketball-women/2026-06-13,422,No,0,0,0,0,0,0,,College scoreboard/game details if endpoint works and dates match. Strong NCAA candidate only when fresh.,Do not use yet,422 Client Error: Unprocessable Entity for url: https://ncaa-api.henrygd.me/scoreboard/d1/basketball-women/2026-06-13
NCAA API / ncaa.com-derived,DI Women's Basketball,2026-06-13,https://ncaa-api.henrygd.me/game/scoreboard/basketball-women/d1/2026-06-13,422,No,0,0,0,0,0,0,,College scoreboard/game details if endpoint works and dates match. Strong NCAA candidate only when fresh.,Do not use yet,422 Client Error: Unprocessable Entity for url: https://ncaa-api.henrygd.me/game/scoreboard/basketball-women/d1/2026-06-13
NCAA API / ncaa.com-derived,DI Women's Basketball,2026-06-14,https://ncaa-api.henrygd.me/scoreboard/basketball-women/d1/2026-06-14,200,Yes,0,1,0,1,0,0,,College scoreboard/game details if endpoint works and dates match. Strong NCAA candidate only when fresh.,Do not use yet,Raw events: 1. Fresh/date-matched: 0. Stale rejected: 1.
NCAA API / ncaa.com-derived,DI Women's Basketball,2026-06-14,https://ncaa-api.henrygd.me/scoreboard/basketball-women/d1/20260614,200,Yes,0,1,0,1,0,0,,College scoreboard/game details if endpoint works and dates match. Strong NCAA candidate only when fresh.,Do not use yet,Raw events: 1. Fresh/date-matched: 0. Stale rejected: 1.
NCAA API / ncaa.com-derived,DI Women's Basketball,2026-06-14,https://ncaa-api.henrygd.me/scoreboard/d1/basketball-women/2026-06-14,422,No,0,0,0,0,0,0,,College scoreboard/game details if endpoint works and dates match. Strong NCAA candidate only when fresh.,Do not use yet,422 Client Error: Unprocessable Entity for url: https://ncaa-api.henrygd.me/scoreboard/d1/basketball-women/2026-06-14
NCAA API / ncaa.com-derived,DI Women's Basketball,2026-06-14,https://ncaa-api.henrygd.me/game/scoreboard/basketball-women/d1/2026-06-14,422,No,0,0,0,0,0,0,,College scoreboard/game details if endpoint works and dates match. Strong NCAA candidate only when fresh.,Do not use yet,422 Client Error: Unprocessable Entity for url: https://ncaa-api.henrygd.me/game/scoreboard/basketball-women/d1/2026-06-14
NCAA API / ncaa.com-derived,DI Women's Volleyball,2026-06-11,https://ncaa-api.henrygd.me/scoreboard/volleyball-women/d1/2026-06-11,200,Yes,0,1,0,1,0,0,,College scoreboard/game details if endpoint works and dates match. Strong NCAA candidate only when fresh.,Do not use yet,Raw events: 1. Fresh/date-matched: 0. Stale rejected: 1.
NCAA API / ncaa.com-derived,DI Women's Volleyball,2026-06-11,https://ncaa-api.henrygd.me/scoreboard/volleyball-women/d1/20260611,200,Yes,0,1,0,1,0,0,,College scoreboard/game details if endpoint works and dates match. Strong NCAA candidate only when fresh.,Do not use yet,Raw events: 1. Fresh/date-matched: 0. Stale rejected: 1.
NCAA API / ncaa.com-derived,DI Women's Volleyball,2026-06-11,https://ncaa-api.henrygd.me/scoreboard/d1/volleyball-women/2026-06-11,422,No,0,0,0,0,0,0,,College scoreboard/game details if endpoint works and dates match. Strong NCAA candidate only when fresh.,Do not use yet,422 Client Error: Unprocessable Entity for url: https://ncaa-api.henrygd.me/scoreboard/d1/volleyball-women/2026-06-11
NCAA API / ncaa.com-derived,DI Women's Volleyball,2026-06-11,https://ncaa-api.henrygd.me/game/scoreboard/volleyball-women/d1/2026-06-11,422,No,0,0,0,0,0,0,,College scoreboard/game details if endpoint works and dates match. Strong NCAA candidate only when fresh.,Do not use yet,422 Client Error: Unprocessable Entity for url: https://ncaa-api.henrygd.me/game/scoreboard/volleyball-women/d1/2026-06-11
NCAA API / ncaa.com-derived,DI Women's Volleyball,2026-06-12,https://ncaa-api.henrygd.me/scoreboard/volleyball-women/d1/2026-06-12,200,Yes,0,1,0,1,0,0,,College scoreboard/game details if endpoint works and dates match. Strong NCAA candidate only when fresh.,Do not use yet,Raw events: 1. Fresh/date-matched: 0. Stale rejected: 1.
NCAA API / ncaa.com-derived,DI Women's Volleyball,2026-06-12,https://ncaa-api.henrygd.me/scoreboard/volleyball-women/d1/20260612,200,Yes,0,1,0,1,0,0,,College scoreboard/game details if endpoint works and dates match. Strong NCAA candidate only when fresh.,Do not use yet,Raw events: 1. Fresh/date-matched: 0. Stale rejected: 1.
NCAA API / ncaa.com-derived,DI Women's Volleyball,2026-06-12,https://ncaa-api.henrygd.me/scoreboard/d1/volleyball-women/2026-06-12,422,No,0,0,0,0,0,0,,College scoreboard/game details if endpoint works and dates match. Strong NCAA candidate only when fresh.,Do not use yet,422 Client Error: Unprocessable Entity for url: https://ncaa-api.henrygd.me/scoreboard/d1/volleyball-women/2026-06-12
NCAA API / ncaa.com-derived,DI Women's Volleyball,2026-06-12,https://ncaa-api.henrygd.me/game/scoreboard/volleyball-women/d1/2026-06-12,422,No,0,0,0,0,0,0,,College scoreboard/game details if endpoint works and dates match. Strong NCAA candidate only when fresh.,Do not use yet,422 Client Error: Unprocessable Entity for url: https://ncaa-api.henrygd.me/game/scoreboard/volleyball-women/d1/2026-06-12
NCAA API / ncaa.com-derived,DI Women's Volleyball,2026-06-13,https://ncaa-api.henrygd.me/scoreboard/volleyball-women/d1/2026-06-13,200,Yes,0,1,0,1,0,0,,College scoreboard/game details if endpoint works and dates match. Strong NCAA candidate only when fresh.,Do not use yet,Raw events: 1. Fresh/date-matched: 0. Stale rejected: 1.
NCAA API / ncaa.com-derived,DI Women's Volleyball,2026-06-13,https://ncaa-api.henrygd.me/scoreboard/volleyball-women/d1/20260613,200,Yes,0,1,0,1,0,0,,College scoreboard/game details if endpoint works and dates match. Strong NCAA candidate only when fresh.,Do not use yet,Raw events: 1. Fresh/date-matched: 0. Stale rejected: 1.
NCAA API / ncaa.com-derived,DI Women's Volleyball,2026-06-13,https://ncaa-api.henrygd.me/scoreboard/d1/volleyball-women/2026-06-13,422,No,0,0,0,0,0,0,,College scoreboard/game details if endpoint works and dates match. Strong NCAA candidate only when fresh.,Do not use yet,422 Client Error: Unprocessable Entity for url: https://ncaa-api.henrygd.me/scoreboard/d1/volleyball-women/2026-06-13
NCAA API / ncaa.com-derived,DI Women's Volleyball,2026-06-13,https://ncaa-api.henrygd.me/game/scoreboard/volleyball-women/d1/2026-06-13,422,No,0,0,0,0,0,0,,College scoreboard/game details if endpoint works and dates match. Strong NCAA candidate only when fresh.,Do not use yet,422 Client Error: Unprocessable Entity for url: https://ncaa-api.henrygd.me/game/scoreboard/volleyball-women/d1/2026-06-13
NCAA API / ncaa.com-derived,DI Women's Volleyball,2026-06-14,https://ncaa-api.henrygd.me/scoreboard/volleyball-women/d1/2026-06-14,200,Yes,0,1,0,1,0,0,,College scoreboard/game details if endpoint works and dates match. Strong NCAA candidate only when fresh.,Do not use yet,Raw events: 1. Fresh/date-matched: 0. Stale rejected: 1.
NCAA API / ncaa.com-derived,DI Women's Volleyball,2026-06-14,https://ncaa-api.henrygd.me/scoreboard/volleyball-women/d1/20260614,200,Yes,0,1,0,1,0,0,,College scoreboard/game details if endpoint works and dates match. Strong NCAA candidate only when fresh.,Do not use yet,Raw events: 1. Fresh/date-matched: 0. Stale rejected: 1.
NCAA API / ncaa.com-derived,DI Women's Volleyball,2026-06-14,https://ncaa-api.henrygd.me/scoreboard/d1/volleyball-women/2026-06-14,422,No,0,0,0,0,0,0,,College scoreboard/game details if endpoint works and dates match. Strong NCAA candidate only when fresh.,Do not use yet,422 Client Error: Unprocessable Entity for url: https://ncaa-api.henrygd.me/scoreboard/d1/volleyball-women/2026-06-14
NCAA API / ncaa.com-derived,DI Women's Volleyball,2026-06-14,https://ncaa-api.henrygd.me/game/scoreboard/volleyball-women/d1/2026-06-14,422,No,0,0,0,0,0,0,,College scoreboard/game details if endpoint works and dates match. Strong NCAA candidate only when fresh.,Do not use yet,422 Client Error: Unprocessable Entity for url: https://ncaa-api.henrygd.me/game/scoreboard/volleyball-women/d1/2026-06-14
NCAA API / ncaa.com-derived,DI Women's Soccer,2026-06-11,https://ncaa-api.henrygd.me/scoreboard/soccer-women/d1/2026-06-11,200,Yes,0,1,0,1,0,0,,College scoreboard/game details if endpoint works and dates match. Strong NCAA candidate only when fresh.,Do not use yet,Raw events: 1. Fresh/date-matched: 0. Stale rejected: 1.
NCAA API / ncaa.com-derived,DI Women's Soccer,2026-06-11,https://ncaa-api.henrygd.me/scoreboard/soccer-women/d1/20260611,200,Yes,0,1,0,1,0,0,,College scoreboard/game details if endpoint works and dates match. Strong NCAA candidate only when fresh.,Do not use yet,Raw events: 1. Fresh/date-matched: 0. Stale rejected: 1.
NCAA API / ncaa.com-derived,DI Women's Soccer,2026-06-11,https://ncaa-api.henrygd.me/scoreboard/d1/soccer-women/2026-06-11,422,No,0,0,0,0,0,0,,College scoreboard/game details if endpoint works and dates match. Strong NCAA candidate only when fresh.,Do not use yet,422 Client Error: Unprocessable Entity for url: https://ncaa-api.henrygd.me/scoreboard/d1/soccer-women/2026-06-11
NCAA API / ncaa.com-derived,DI Women's Soccer,2026-06-11,https://ncaa-api.henrygd.me/game/scoreboard/soccer-women/d1/2026-06-11,422,No,0,0,0,0,0,0,,College scoreboard/game details if endpoint works and dates match. Strong NCAA candidate only when fresh.,Do not use yet,422 Client Error: Unprocessable Entity for url: https://ncaa-api.henrygd.me/game/scoreboard/soccer-women/d1/2026-06-11
NCAA API / ncaa.com-derived,DI Women's Soccer,2026-06-12,https://ncaa-api.henrygd.me/scoreboard/soccer-women/d1/2026-06-12,200,Yes,0,1,0,1,0,0,,College scoreboard/game details if endpoint works and dates match. Strong NCAA candidate only when fresh.,Do not use yet,Raw events: 1. Fresh/date-matched: 0. Stale rejected: 1.
NCAA API / ncaa.com-derived,DI Women's Soccer,2026-06-12,https://ncaa-api.henrygd.me/scoreboard/soccer-women/d1/20260612,200,Yes,0,1,0,1,0,0,,College scoreboard/game details if endpoint works and dates match. Strong NCAA candidate only when fresh.,Do not use yet,Raw events: 1. Fresh/date-matched: 0. Stale rejected: 1.
NCAA API / ncaa.com-derived,DI Women's Soccer,2026-06-12,https://ncaa-api.henrygd.me/scoreboard/d1/soccer-women/2026-06-12,422,No,0,0,0,0,0,0,,College scoreboard/game details if endpoint works and dates match. Strong NCAA candidate only when fresh.,Do not use yet,422 Client Error: Unprocessable Entity for url: https://ncaa-api.henrygd.me/scoreboard/d1/soccer-women/2026-06-12
NCAA API / ncaa.com-derived,DI Women's Soccer,2026-06-12,https://ncaa-api.henrygd.me/game/scoreboard/soccer-women/d1/2026-06-12,422,No,0,0,0,0,0,0,,College scoreboard/game details if endpoint works and dates match. Strong NCAA candidate only when fresh.,Do not use yet,422 Client Error: Unprocessable Entity for url: https://ncaa-api.henrygd.me/game/scoreboard/soccer-women/d1/2026-06-12
NCAA API / ncaa.com-derived,DI Women's Soccer,2026-06-13,https://ncaa-api.henrygd.me/scoreboard/soccer-women/d1/2026-06-13,200,Yes,0,1,0,1,0,0,,College scoreboard/game details if endpoint works and dates match. Strong NCAA candidate only when fresh.,Do not use yet,Raw events: 1. Fresh/date-matched: 0. Stale rejected: 1.
NCAA API / ncaa.com-derived,DI Women's Soccer,2026-06-13,https://ncaa-api.henrygd.me/scoreboard/soccer-women/d1/20260613,200,Yes,0,1,0,1,0,0,,College scoreboard/game details if endpoint works and dates match. Strong NCAA candidate only when fresh.,Do not use yet,Raw events: 1. Fresh/date-matched: 0. Stale rejected: 1.
NCAA API / ncaa.com-derived,DI Women's Soccer,2026-06-13,https://ncaa-api.henrygd.me/scoreboard/d1/soccer-women/2026-06-13,422,No,0,0,0,0,0,0,,College scoreboard/game details if endpoint works and dates match. Strong NCAA candidate only when fresh.,Do not use yet,422 Client Error: Unprocessable Entity for url: https://ncaa-api.henrygd.me/scoreboard/d1/soccer-women/2026-06-13
NCAA API / ncaa.com-derived,DI Women's Soccer,2026-06-13,https://ncaa-api.henrygd.me/game/scoreboard/soccer-women/d1/2026-06-13,422,No,0,0,0,0,0,0,,College scoreboard/game details if endpoint works and dates match. Strong NCAA candidate only when fresh.,Do not use yet,422 Client Error: Unprocessable Entity for url: https://ncaa-api.henrygd.me/game/scoreboard/soccer-women/d1/2026-06-13
NCAA API / ncaa.com-derived,DI Women's Soccer,2026-06-14,https://ncaa-api.henrygd.me/scoreboard/soccer-women/d1/2026-06-14,200,Yes,0,1,0,1,0,0,,College scoreboard/game details if endpoint works and dates match. Strong NCAA candidate only when fresh.,Do not use yet,Raw events: 1. Fresh/date-matched: 0. Stale rejected: 1.
NCAA API / ncaa.com-derived,DI Women's Soccer,2026-06-14,https://ncaa-api.henrygd.me/scoreboard/soccer-women/d1/20260614,200,Yes,0,1,0,1,0,0,,College scoreboard/game details if endpoint works and dates match. Strong NCAA candidate only when fresh.,Do not use yet,Raw events: 1. Fresh/date-matched: 0. Stale rejected: 1.
NCAA API / ncaa.com-derived,DI Women's Soccer,2026-06-14,https://ncaa-api.henrygd.me/scoreboard/d1/soccer-women/2026-06-14,422,No,0,0,0,0,0,0,,College scoreboard/game details if endpoint works and dates match. Strong NCAA candidate only when fresh.,Do not use yet,422 Client Error: Unprocessable Entity for url: https://ncaa-api.henrygd.me/scoreboard/d1/soccer-women/2026-06-14
NCAA API / ncaa.com-derived,DI Women's Soccer,2026-06-14,https://ncaa-api.henrygd.me/game/scoreboard/soccer-women/d1/2026-06-14,422,No,0,0,0,0,0,0,,College scoreboard/game details if endpoint works and dates match. Strong NCAA candidate only when fresh.,Do not use yet,422 Client Error: Unprocessable Entity for url: https://ncaa-api.henrygd.me/game/scoreboard/soccer-women/d1/2026-06-14
TheSportsDB public API,All sports,2026-06-11,https://www.thesportsdb.com/api/v1/json/3/eventsday.php?d=2026-06-11,200,Yes,3,3,3,0,0,0,Western Bulldogs vs Adelaide Football Club | Australian AFL | Australian Football | 121-64 || Los Angeles Angels vs Houston Astros | MLB | Baseball | 2-3 || Colorado Rockies vs Chicago Cubs | MLB | Baseball | 2-3,"Broad event discovery, team/league metadata, scores when available.",Metadata/discovery candidate,"Uses THESPORTSDB_KEY if set, otherwise public test key 3."
TheSportsDB public API,All sports,2026-06-12,https://www.thesportsdb.com/api/v1/json/3/eventsday.php?d=2026-06-12,200,Yes,3,3,3,0,0,0,Winnipeg Blue Bombers vs Hamilton Tiger-Cats | CFL | American Football | 37-27 || Montreal Alouettes vs Toronto Argonauts | CFL | American Football | || Geelong Football Club vs Gold Coast Football Club | Australian AFL | Australian Football | 60-105,"Broad event discovery, team/league metadata, scores when available.",Metadata/discovery candidate,"Uses THESPORTSDB_KEY if set, otherwise public test key 3."
TheSportsDB public API,All sports,2026-06-13,https://www.thesportsdb.com/api/v1/json/3/eventsday.php?d=2026-06-13,200,Yes,3,3,3,0,0,0,Saskatchewan Roughriders vs BC Lions | CFL | American Football | || Paris Musketeers vs Raiders Tirol | European Football Alliance | American Football | || Rhein Fire vs Paris Lights | American Football League Europe | American Football |,"Broad event discovery, team/league metadata, scores when available.",Metadata/discovery candidate,"Uses THESPORTSDB_KEY if set, otherwise public test key 3."
TheSportsDB public API,All sports,2026-06-14,https://www.thesportsdb.com/api/v1/json/3/eventsday.php?d=2026-06-14,200,Yes,3,3,3,0,0,0,Munich Ravens vs Prague Lions | European Football Alliance | American Football | || Nordic Storm vs Frankfurt Galaxy | European Football Alliance | American Football | || London Warriors vs Firenze Red Lions | American Football League Europe | American Football |,"Broad event discovery, team/league metadata, scores when available.",Metadata/discovery candidate,"Uses THESPORTSDB_KEY if set, otherwise public test key 3."
API-Sports expanded optional,Basketball,2026-06-11,https://v1.basketball.api-sports.io/games?date=2026-06-11,200,Yes,0,0,0,0,0,0,,Structured schedules/results by product. Use as broad paid/API-key source if women's coverage is found.,Paid/API-key candidate,APISPORTS_KEY was set and endpoint was tested.
API-Sports expanded optional,Basketball,2026-06-12,https://v1.basketball.api-sports.io/games?date=2026-06-12,200,Yes,0,0,0,0,0,0,,Structured schedules/results by product. Use as broad paid/API-key source if women's coverage is found.,Paid/API-key candidate,APISPORTS_KEY was set and endpoint was tested.
API-Sports expanded optional,Basketball,2026-06-13,https://v1.basketball.api-sports.io/games?date=2026-06-13,200,Yes,0,0,0,0,0,0,,Structured schedules/results by product. Use as broad paid/API-key source if women's coverage is found.,Paid/API-key candidate,APISPORTS_KEY was set and endpoint was tested.
API-Sports expanded optional,Basketball,2026-06-14,https://v1.basketball.api-sports.io/games?date=2026-06-14,200,Yes,0,0,0,0,0,0,,Structured schedules/results by product. Use as broad paid/API-key source if women's coverage is found.,Paid/API-key candidate,APISPORTS_KEY was set and endpoint was tested.
API-Sports expanded optional,Football/Soccer,2026-06-11,https://v3.football.api-sports.io/fixtures?date=2026-06-11,200,Yes,0,0,0,0,0,0,,Structured schedules/results by product. Use as broad paid/API-key source if women's coverage is found.,Paid/API-key candidate,APISPORTS_KEY was set and endpoint was tested.
API-Sports expanded optional,Football/Soccer,2026-06-12,https://v3.football.api-sports.io/fixtures?date=2026-06-12,200,Yes,0,0,0,0,0,0,,Structured schedules/results by product. Use as broad paid/API-key source if women's coverage is found.,Paid/API-key candidate,APISPORTS_KEY was set and endpoint was tested.
API-Sports expanded optional,Football/Soccer,2026-06-13,https://v3.football.api-sports.io/fixtures?date=2026-06-13,200,Yes,0,0,0,0,0,0,,Structured schedules/results by product. Use as broad paid/API-key source if women's coverage is found.,Paid/API-key candidate,APISPORTS_KEY was set and endpoint was tested.
API-Sports expanded optional,Football/Soccer,2026-06-14,https://v3.football.api-sports.io/fixtures?date=2026-06-14,200,Yes,0,0,0,0,0,0,,Structured schedules/results by product. Use as broad paid/API-key source if women's coverage is found.,Paid/API-key candidate,APISPORTS_KEY was set and endpoint was tested.
API-Sports expanded optional,Hockey,2026-06-11,https://v1.hockey.api-sports.io/games?date=2026-06-11,200,Yes,0,0,0,0,0,0,,Structured schedules/results by product. Use as broad paid/API-key source if women's coverage is found.,Paid/API-key candidate,APISPORTS_KEY was set and endpoint was tested.
API-Sports expanded optional,Hockey,2026-06-12,https://v1.hockey.api-sports.io/games?date=2026-06-12,200,Yes,0,0,0,0,0,0,,Structured schedules/results by product. Use as broad paid/API-key source if women's coverage is found.,Paid/API-key candidate,APISPORTS_KEY was set and endpoint was tested.
API-Sports expanded optional,Hockey,2026-06-13,https://v1.hockey.api-sports.io/games?date=2026-06-13,200,Yes,0,0,0,0,0,0,,Structured schedules/results by product. Use as broad paid/API-key source if women's coverage is found.,Paid/API-key candidate,APISPORTS_KEY was set and endpoint was tested.
API-Sports expanded optional,Hockey,2026-06-14,https://v1.hockey.api-sports.io/games?date=2026-06-14,200,Yes,0,0,0,0,0,0,,Structured schedules/results by product. Use as broad paid/API-key source if women's coverage is found.,Paid/API-key candidate,APISPORTS_KEY was set and endpoint was tested.
API-Sports expanded optional,Volleyball,2026-06-11,https://v1.volleyball.api-sports.io/games?date=2026-06-11,200,Yes,0,0,0,0,0,0,,Structured schedules/results by product. Use as broad paid/API-key source if women's coverage is found.,Paid/API-key candidate,APISPORTS_KEY was set and endpoint was tested.
API-Sports expanded optional,Volleyball,2026-06-12,https://v1.volleyball.api-sports.io/games?date=2026-06-12,200,Yes,0,0,0,0,0,0,,Structured schedules/results by product. Use as broad paid/API-key source if women's coverage is found.,Paid/API-key candidate,APISPORTS_KEY was set and endpoint was tested.
API-Sports expanded optional,Volleyball,2026-06-13,https://v1.volleyball.api-sports.io/games?date=2026-06-13,200,Yes,0,0,0,0,0,0,,Structured schedules/results by product. Use as broad paid/API-key source if women's coverage is found.,Paid/API-key candidate,APISPORTS_KEY was set and endpoint was tested.
API-Sports expanded optional,Volleyball,2026-06-14,https://v1.volleyball.api-sports.io/games?date=2026-06-14,200,Yes,0,0,0,0,0,0,,Structured schedules/results by product. Use as broad paid/API-key source if women's coverage is found.,Paid/API-key candidate,APISPORTS_KEY was set and endpoint was tested.
API-Sports expanded optional,Handball,2026-06-11,https://v1.handball.api-sports.io/games?date=2026-06-11,200,Yes,0,0,0,0,0,0,,Structured schedules/results by product. Use as broad paid/API-key source if women's coverage is found.,Paid/API-key candidate,APISPORTS_KEY was set and endpoint was tested.
API-Sports expanded optional,Handball,2026-06-12,https://v1.handball.api-sports.io/games?date=2026-06-12,200,Yes,0,0,0,0,0,0,,Structured schedules/results by product. Use as broad paid/API-key source if women's coverage is found.,Paid/API-key candidate,APISPORTS_KEY was set and endpoint was tested.
API-Sports expanded optional,Handball,2026-06-13,https://v1.handball.api-sports.io/games?date=2026-06-13,200,Yes,0,0,0,0,0,0,,Structured schedules/results by product. Use as broad paid/API-key source if women's coverage is found.,Paid/API-key candidate,APISPORTS_KEY was set and endpoint was tested.
API-Sports expanded optional,Handball,2026-06-14,https://v1.handball.api-sports.io/games?date=2026-06-14,200,Yes,0,0,0,0,0,0,,Structured schedules/results by product. Use as broad paid/API-key source if women's coverage is found.,Paid/API-key candidate,APISPORTS_KEY was set and endpoint was tested.
API-Sports expanded optional,Rugby,2026-06-11,https://v1.rugby.api-sports.io/games?date=2026-06-11,200,Yes,0,0,0,0,0,0,,Structured schedules/results by product. Use as broad paid/API-key source if women's coverage is found.,Paid/API-key candidate,APISPORTS_KEY was set and endpoint was tested.
API-Sports expanded optional,Rugby,2026-06-12,https://v1.rugby.api-sports.io/games?date=2026-06-12,200,Yes,0,0,0,0,0,0,,Structured schedules/results by product. Use as broad paid/API-key source if women's coverage is found.,Paid/API-key candidate,APISPORTS_KEY was set and endpoint was tested.
API-Sports expanded optional,Rugby,2026-06-13,https://v1.rugby.api-sports.io/games?date=2026-06-13,200,Yes,0,0,0,0,0,0,,Structured schedules/results by product. Use as broad paid/API-key source if women's coverage is found.,Paid/API-key candidate,APISPORTS_KEY was set and endpoint was tested.
API-Sports expanded optional,Rugby,2026-06-14,https://v1.rugby.api-sports.io/games?date=2026-06-14,200,Yes,0,0,0,0,0,0,,Structured schedules/results by product. Use as broad paid/API-key source if women's coverage is found.,Paid/API-key candidate,APISPORTS_KEY was set and endpoint was tested.
API-Sports expanded optional,Baseball,2026-06-11,https://v1.baseball.api-sports.io/games?date=2026-06-11,200,Yes,0,0,0,0,0,0,,Structured schedules/results by product. Use as broad paid/API-key source if women's coverage is found.,Paid/API-key candidate,APISPORTS_KEY was set and endpoint was tested.
API-Sports expanded optional,Baseball,2026-06-12,https://v1.baseball.api-sports.io/games?date=2026-06-12,200,Yes,0,0,0,0,0,0,,Structured schedules/results by product. Use as broad paid/API-key source if women's coverage is found.,Paid/API-key candidate,APISPORTS_KEY was set and endpoint was tested.
API-Sports expanded optional,Baseball,2026-06-13,https://v1.baseball.api-sports.io/games?date=2026-06-13,200,Yes,0,0,0,0,0,0,,Structured schedules/results by product. Use as broad paid/API-key source if women's coverage is found.,Paid/API-key candidate,APISPORTS_KEY was set and endpoint was tested.
API-Sports expanded optional,Baseball,2026-06-14,https://v1.baseball.api-sports.io/games?date=2026-06-14,200,Yes,0,0,0,0,0,0,,Structured schedules/results by product. Use as broad paid/API-key source if women's coverage is found.,Paid/API-key candidate,APISPORTS_KEY was set and endpoint was tested.
