bundle_id,post_slug,bundle_name,entity_name,entity_type,approved_asset_id,approved_variant,source_url,source_domain,local_asset_path,local_png_path,asset_filename,png_filename,download_status,conversion_status,asset_ready,required_for_bundle,upload_instruction
bundle_34740d18e445ce,main-wnba-result,Main WNBA Result,Dallas Wings,team,appr_7ca8ac2b2a4ad9,primary_logo_v1,https://cdn.wnba.com/logos/wnba/1611661321/primary/D/logo.svg,cdn.wnba.com,graphics_chat_upload_pack/main-wnba-result/assets_original/dallas-wings_primary-logo-v1_2a4ad9.svg,graphics_chat_upload_pack/main-wnba-result/assets_png_preferred/dallas-wings_primary-logo-v1_2a4ad9.png,dallas-wings_primary-logo-v1_2a4ad9.svg,dallas-wings_primary-logo-v1_2a4ad9.png,copied_local,converted_svg_to_png,Yes,Yes,Upload dallas-wings_primary-logo-v1_2a4ad9.png
bundle_34740d18e445ce,main-wnba-result,Main WNBA Result,Los Angeles Sparks,team,appr_7eea0085424fe3,primary_logo_v1,https://upload.wikimedia.org/wikipedia/en/9/98/Los_Angeles_Sparks_logo.svg,upload.wikimedia.org,graphics_chat_upload_pack/main-wnba-result/assets_original/los-angeles-sparks_primary-logo-v1_424fe3.svg,graphics_chat_upload_pack/main-wnba-result/assets_png_preferred/los-angeles-sparks_primary-logo-v1_424fe3.png,los-angeles-sparks_primary-logo-v1_424fe3.svg,los-angeles-sparks_primary-logo-v1_424fe3.png,downloaded:200:content_type_image,converted_svg_to_png,Yes,Yes,Upload los-angeles-sparks_primary-logo-v1_424fe3.png
bundle_34740d18e445ce,main-wnba-result,Main WNBA Result,Jessica Shepard,player,appr_02cebc205c27d1,primary_player_photo_v1,https://c8.alamy.com/comp/3BD05JN/minnesota-lynx-forward-jessica-shepard-15-looks-to-shoot-as-dallas-wings-forward-myisha-hines-allen-2-back-defends-during-the-second-half-of-a-wnba-basketball-game-wednesday-may-21-2025-in-minneapolis-ap-photoabbie-parr-3BD05JN.jpg,c8.alamy.com,graphics_chat_upload_pack/main-wnba-result/assets_original/jessica-shepard_primary-player-photo-v1_5c27d1.jpg,graphics_chat_upload_pack/main-wnba-result/assets_original/jessica-shepard_primary-player-photo-v1_5c27d1.jpg,jessica-shepard_primary-player-photo-v1_5c27d1.jpg,jessica-shepard_primary-player-photo-v1_5c27d1.jpg,copied_local,raster_no_conversion,Yes,Yes,Upload jessica-shepard_primary-player-photo-v1_5c27d1.jpg
bundle_34740d18e445ce,main-wnba-result,Main WNBA Result,Arike Ogunbowale,player,appr_2646dc354c1762,primary_player_photo_v1,https://commons.wikimedia.org/wiki/Special:Redirect/file/Arike%20Ogunbowale%2001%20%28cropped%29.jpg,commons.wikimedia.org,graphics_chat_upload_pack/main-wnba-result/assets_original/arike-ogunbowale_primary-player-photo-v1_4c1762.jpg,graphics_chat_upload_pack/main-wnba-result/assets_original/arike-ogunbowale_primary-player-photo-v1_4c1762.jpg,arike-ogunbowale_primary-player-photo-v1_4c1762.jpg,arike-ogunbowale_primary-player-photo-v1_4c1762.jpg,copied_local,raster_no_conversion,Yes,Yes,Upload arike-ogunbowale_primary-player-photo-v1_4c1762.jpg
bundle_34740d18e445ce,main-wnba-result,Main WNBA Result,Paige Bueckers,player,appr_717263c3d3e94e,primary_player_photo_v1,https://commons.wikimedia.org/wiki/Special:Redirect/file/Paige%20Bueckers%20Dallas%20Wings%202%20%28cropped%29.jpg,commons.wikimedia.org,graphics_chat_upload_pack/main-wnba-result/assets_original/paige-bueckers_primary-player-photo-v1_d3e94e.jpg,graphics_chat_upload_pack/main-wnba-result/assets_original/paige-bueckers_primary-player-photo-v1_d3e94e.jpg,paige-bueckers_primary-player-photo-v1_d3e94e.jpg,paige-bueckers_primary-player-photo-v1_d3e94e.jpg,copied_local,raster_no_conversion,Yes,Yes,Upload paige-bueckers_primary-player-photo-v1_d3e94e.jpg
bundle_34740d18e445ce,main-wnba-result,Main WNBA Result,Kelsey Plum,player,appr_d8c206f8d07cbd,primary_player_photo_v1,https://commons.wikimedia.org/wiki/Special:Redirect/file/Kelsey%20Plum%20Fenerbah%C3%A7e%20Women%27s%20Basketball%20vs%20BC%20Nadezhda%20Orenburg%20EuroLeague%20Women%2020171011%20%282%29%20%28cropped%29.jpg,commons.wikimedia.org,graphics_chat_upload_pack/main-wnba-result/assets_original/kelsey-plum_primary-player-photo-v1_d07cbd.jpg,graphics_chat_upload_pack/main-wnba-result/assets_original/kelsey-plum_primary-player-photo-v1_d07cbd.jpg,kelsey-plum_primary-player-photo-v1_d07cbd.jpg,kelsey-plum_primary-player-photo-v1_d07cbd.jpg,copied_local,raster_no_conversion,Yes,Yes,Upload kelsey-plum_primary-player-photo-v1_d07cbd.jpg
bundle_34740d18e445ce,main-wnba-result,Main WNBA Result,Ariel Atkins,player,appr_d3440f8552d66f,primary_player_photo_v1,https://commons.wikimedia.org/wiki/Special:Redirect/file/Ariel%20Atkins%203%20Fenerbah%C3%A7e%20WB%2020241002%20%28cropped%29.jpg,commons.wikimedia.org,graphics_chat_upload_pack/main-wnba-result/assets_original/ariel-atkins_primary-player-photo-v1_52d66f.jpg,graphics_chat_upload_pack/main-wnba-result/assets_original/ariel-atkins_primary-player-photo-v1_52d66f.jpg,ariel-atkins_primary-player-photo-v1_52d66f.jpg,ariel-atkins_primary-player-photo-v1_52d66f.jpg,copied_local,raster_no_conversion,Yes,Yes,Upload ariel-atkins_primary-player-photo-v1_52d66f.jpg
bundle_34740d18e445ce,main-wnba-result,Main WNBA Result,Dearica Hamby,player,appr_505914b839a2ec,primary_player_photo_v1,https://commons.wikimedia.org/wiki/Special:Redirect/file/Dearica%20Hamby%202024%20%28cropped%29.jpg,commons.wikimedia.org,graphics_chat_upload_pack/main-wnba-result/assets_original/dearica-hamby_primary-player-photo-v1_39a2ec.jpg,graphics_chat_upload_pack/main-wnba-result/assets_original/dearica-hamby_primary-player-photo-v1_39a2ec.jpg,dearica-hamby_primary-player-photo-v1_39a2ec.jpg,dearica-hamby_primary-player-photo-v1_39a2ec.jpg,copied_local,raster_no_conversion,Yes,Yes,Upload dearica-hamby_primary-player-photo-v1_39a2ec.jpg
bundle_34740d18e445ce,main-wnba-result,Main WNBA Result,Nneka Ogwumike,player,appr_9a4d6394f0547e,primary_player_photo_v1,https://commons.wikimedia.org/wiki/Special:Redirect/file/Ogwumike%2020161011.jpg,commons.wikimedia.org,graphics_chat_upload_pack/main-wnba-result/assets_original/nneka-ogwumike_primary-player-photo-v1_f0547e.jpg,graphics_chat_upload_pack/main-wnba-result/assets_original/nneka-ogwumike_primary-player-photo-v1_f0547e.jpg,nneka-ogwumike_primary-player-photo-v1_f0547e.jpg,nneka-ogwumike_primary-player-photo-v1_f0547e.jpg,copied_local,raster_no_conversion,Yes,Yes,Upload nneka-ogwumike_primary-player-photo-v1_f0547e.jpg
bundle_34740d18e445ce,main-wnba-result,Main WNBA Result,Cameron Brink,player,appr_26395171db11b9,primary_player_photo_v1,https://commons.wikimedia.org/wiki/Special:Redirect/file/Cameron%20Brink%20%28cropped%29.jpg,commons.wikimedia.org,graphics_chat_upload_pack/main-wnba-result/assets_original/cameron-brink_primary-player-photo-v1_db11b9.jpg,graphics_chat_upload_pack/main-wnba-result/assets_original/cameron-brink_primary-player-photo-v1_db11b9.jpg,cameron-brink_primary-player-photo-v1_db11b9.jpg,cameron-brink_primary-player-photo-v1_db11b9.jpg,copied_local,raster_no_conversion,Yes,Yes,Upload cameron-brink_primary-player-photo-v1_db11b9.jpg
bundle_34740d18e445ce,main-wnba-result,Main WNBA Result,Los Angeles,player,appr_315287c0f37435,primary_player_photo_v1,https://commons.wikimedia.org/wiki/Special:Redirect/file/Los%20Angeles%20with%20Mount%20Baldy.jpg,commons.wikimedia.org,graphics_chat_upload_pack/main-wnba-result/assets_original/los-angeles_primary-player-photo-v1_f37435.jpg,graphics_chat_upload_pack/main-wnba-result/assets_original/los-angeles_primary-player-photo-v1_f37435.jpg,los-angeles_primary-player-photo-v1_f37435.jpg,los-angeles_primary-player-photo-v1_f37435.jpg,copied_local,raster_no_conversion,Yes,Yes,Upload los-angeles_primary-player-photo-v1_f37435.jpg
bundle_34740d18e445ce,main-wnba-result,Main WNBA Result,Jessica Shepard,player,appr_e229246a508b2e,primary_player_photo_v1,https://commons.wikimedia.org/wiki/Special:Redirect/file/Jessica%20Shepard%20%28cropped%29.jpg,commons.wikimedia.org,graphics_chat_upload_pack/main-wnba-result/assets_original/jessica-shepard_primary-player-photo-v1_508b2e.jpg,graphics_chat_upload_pack/main-wnba-result/assets_original/jessica-shepard_primary-player-photo-v1_508b2e.jpg,jessica-shepard_primary-player-photo-v1_508b2e.jpg,jessica-shepard_primary-player-photo-v1_508b2e.jpg,copied_local,raster_no_conversion,Yes,Yes,Upload jessica-shepard_primary-player-photo-v1_508b2e.jpg
bundle_34740d18e445ce,main-wnba-result,Main WNBA Result,Los Angeles Sparks.,player,appr_14945fd31a3a9d,primary_player_photo_v1,https://upload.wikimedia.org/wikipedia/commons/c/c2/The_Minnesota_Lynx_huddle_during_the_second_half_of_the_game_against_the_Los_Angeles_Sparks.jpg,upload.wikimedia.org,graphics_chat_upload_pack/main-wnba-result/assets_original/los-angeles-sparks_primary-player-photo-v1_1a3a9d.jpg,graphics_chat_upload_pack/main-wnba-result/assets_original/los-angeles-sparks_primary-player-photo-v1_1a3a9d.jpg,los-angeles-sparks_primary-player-photo-v1_1a3a9d.jpg,los-angeles-sparks_primary-player-photo-v1_1a3a9d.jpg,copied_local,raster_no_conversion,Yes,Yes,Upload los-angeles-sparks_primary-player-photo-v1_1a3a9d.jpg
bundle_ab66100c39c23e,tonight-in-the-w-mini-roundup,Tonight in the W Mini-Roundup,Golden State Valkyries,team,appr_df24e2082f811d,primary_logo_v1,https://cdn.wnba.com/logos/wnba/1611661331/primary/L/logo.svg,cdn.wnba.com,graphics_chat_upload_pack/tonight-in-the-w-mini-roundup/assets_original/golden-state-valkyries_primary-logo-v1_2f811d.svg,graphics_chat_upload_pack/tonight-in-the-w-mini-roundup/assets_png_preferred/golden-state-valkyries_primary-logo-v1_2f811d.png,golden-state-valkyries_primary-logo-v1_2f811d.svg,golden-state-valkyries_primary-logo-v1_2f811d.png,copied_local,converted_svg_to_png,Yes,Yes,Upload golden-state-valkyries_primary-logo-v1_2f811d.png
bundle_ab66100c39c23e,tonight-in-the-w-mini-roundup,Tonight in the W Mini-Roundup,Las Vegas Aces,team,appr_9c7fc211069805,primary_logo_v1,https://upload.wikimedia.org/wikipedia/commons/f/fb/Las_Vegas_Aces_logo.svg,upload.wikimedia.org,graphics_chat_upload_pack/tonight-in-the-w-mini-roundup/assets_original/las-vegas-aces_primary-logo-v1_069805.svg,graphics_chat_upload_pack/tonight-in-the-w-mini-roundup/assets_png_preferred/las-vegas-aces_primary-logo-v1_069805.png,las-vegas-aces_primary-logo-v1_069805.svg,las-vegas-aces_primary-logo-v1_069805.png,copied_local,converted_svg_to_png,Yes,Yes,Upload las-vegas-aces_primary-logo-v1_069805.png
bundle_ab66100c39c23e,tonight-in-the-w-mini-roundup,Tonight in the W Mini-Roundup,Minnesota Lynx,team,appr_047086213c7096,primary_logo_v1,https://upload.wikimedia.org/wikipedia/en/7/70/Minnesota_Lynx_logo.svg,upload.wikimedia.org,graphics_chat_upload_pack/tonight-in-the-w-mini-roundup/assets_original/minnesota-lynx_primary-logo-v1_3c7096.svg,graphics_chat_upload_pack/tonight-in-the-w-mini-roundup/assets_png_preferred/minnesota-lynx_primary-logo-v1_3c7096.png,minnesota-lynx_primary-logo-v1_3c7096.svg,minnesota-lynx_primary-logo-v1_3c7096.png,downloaded:200:content_type_image,converted_svg_to_png,Yes,Yes,Upload minnesota-lynx_primary-logo-v1_3c7096.png
bundle_ab66100c39c23e,tonight-in-the-w-mini-roundup,Tonight in the W Mini-Roundup,Phoenix Mercury,team,appr_9edeb1cdaa6f4c,primary_logo_v1,https://cdn.wnba.com/logos/wnba/1611661330/primary/L/logo.svg,cdn.wnba.com,graphics_chat_upload_pack/tonight-in-the-w-mini-roundup/assets_original/phoenix-mercury_primary-logo-v1_aa6f4c.svg,graphics_chat_upload_pack/tonight-in-the-w-mini-roundup/assets_png_preferred/phoenix-mercury_primary-logo-v1_aa6f4c.png,phoenix-mercury_primary-logo-v1_aa6f4c.svg,phoenix-mercury_primary-logo-v1_aa6f4c.png,copied_local,converted_svg_to_png,Yes,Yes,Upload phoenix-mercury_primary-logo-v1_aa6f4c.png
bundle_ab66100c39c23e,tonight-in-the-w-mini-roundup,Tonight in the W Mini-Roundup,Portland Fire,team,appr_01d68c2809f81f,primary_logo_v1,https://upload.wikimedia.org/wikipedia/en/0/09/Portland_Fire_logo.svg,upload.wikimedia.org,,,,,download_failed:https://upload.wikimedia.org/wikipedia/en/0/09/Portland_Fire_logo.svg -> status_429; https://upload.wikimedia.org/wikipedia/en/c/cf/Portland_Fire_logo.svg -> status_429; https://en.wikipedia.org/wiki/Special:Redirect/file/Portland_Fire_logo.svg -> status_429; https://en.wikipedia.org/wiki/Special:FilePath/Portland_Fire_logo.svg -> status_429,no_local_asset,No,Yes,MISSING REQUIRED FILE: rerun upload pack or add this asset manually
bundle_ab66100c39c23e,tonight-in-the-w-mini-roundup,Tonight in the W Mini-Roundup,Seattle Storm,team,appr_52d46724c00ec9,primary_logo_v1,https://cdn.wnba.com/logos/wnba/1611661328/primary/D/logo.svg,cdn.wnba.com,graphics_chat_upload_pack/tonight-in-the-w-mini-roundup/assets_original/seattle-storm_primary-logo-v1_c00ec9.svg,graphics_chat_upload_pack/tonight-in-the-w-mini-roundup/assets_png_preferred/seattle-storm_primary-logo-v1_c00ec9.png,seattle-storm_primary-logo-v1_c00ec9.svg,seattle-storm_primary-logo-v1_c00ec9.png,copied_local,converted_svg_to_png,Yes,Yes,Upload seattle-storm_primary-logo-v1_c00ec9.png
bundle_99dc10394fd30c,volleyball-results-roundup,Volleyball Results Roundup,Belgium W,team,appr_dbd34b035cd6e1,primary_flag_v1,https://flagcdn.com/w320/be.png,flagcdn.com,graphics_chat_upload_pack/volleyball-results-roundup/assets_original/belgium-w_primary-flag-v1_5cd6e1.png,graphics_chat_upload_pack/volleyball-results-roundup/assets_original/belgium-w_primary-flag-v1_5cd6e1.png,belgium-w_primary-flag-v1_5cd6e1.png,belgium-w_primary-flag-v1_5cd6e1.png,copied_local,already_png,Yes,Yes,Upload belgium-w_primary-flag-v1_5cd6e1.png
bundle_99dc10394fd30c,volleyball-results-roundup,Volleyball Results Roundup,Brazil W,team,appr_3b613e56ad6ec8,primary_flag_v1,https://flagcdn.com/w320/br.png,flagcdn.com,graphics_chat_upload_pack/volleyball-results-roundup/assets_original/brazil-w_primary-flag-v1_ad6ec8.png,graphics_chat_upload_pack/volleyball-results-roundup/assets_original/brazil-w_primary-flag-v1_ad6ec8.png,brazil-w_primary-flag-v1_ad6ec8.png,brazil-w_primary-flag-v1_ad6ec8.png,copied_local,already_png,Yes,Yes,Upload brazil-w_primary-flag-v1_ad6ec8.png
bundle_99dc10394fd30c,volleyball-results-roundup,Volleyball Results Roundup,Bulgaria W,team,appr_6849fd04b54eb4,primary_flag_v1,https://flagcdn.com/w320/bg.png,flagcdn.com,graphics_chat_upload_pack/volleyball-results-roundup/assets_original/bulgaria-w_primary-flag-v1_b54eb4.png,graphics_chat_upload_pack/volleyball-results-roundup/assets_original/bulgaria-w_primary-flag-v1_b54eb4.png,bulgaria-w_primary-flag-v1_b54eb4.png,bulgaria-w_primary-flag-v1_b54eb4.png,copied_local,already_png,Yes,Yes,Upload bulgaria-w_primary-flag-v1_b54eb4.png
bundle_99dc10394fd30c,volleyball-results-roundup,Volleyball Results Roundup,Canada W,team,appr_14a6cc66f75be0,primary_flag_v1,https://flagcdn.com/w320/ca.png,flagcdn.com,graphics_chat_upload_pack/volleyball-results-roundup/assets_original/canada-w_primary-flag-v1_f75be0.png,graphics_chat_upload_pack/volleyball-results-roundup/assets_original/canada-w_primary-flag-v1_f75be0.png,canada-w_primary-flag-v1_f75be0.png,canada-w_primary-flag-v1_f75be0.png,copied_local,already_png,Yes,Yes,Upload canada-w_primary-flag-v1_f75be0.png
bundle_99dc10394fd30c,volleyball-results-roundup,Volleyball Results Roundup,China W,team,appr_885836e9869631,primary_flag_v1,https://flagcdn.com/w320/cn.png,flagcdn.com,graphics_chat_upload_pack/volleyball-results-roundup/assets_original/china-w_primary-flag-v1_869631.png,graphics_chat_upload_pack/volleyball-results-roundup/assets_original/china-w_primary-flag-v1_869631.png,china-w_primary-flag-v1_869631.png,china-w_primary-flag-v1_869631.png,copied_local,already_png,Yes,Yes,Upload china-w_primary-flag-v1_869631.png
bundle_99dc10394fd30c,volleyball-results-roundup,Volleyball Results Roundup,France W,team,appr_65747d24fe25ad,primary_flag_v1,https://flagcdn.com/w320/fr.png,flagcdn.com,graphics_chat_upload_pack/volleyball-results-roundup/assets_original/france-w_primary-flag-v1_fe25ad.png,graphics_chat_upload_pack/volleyball-results-roundup/assets_original/france-w_primary-flag-v1_fe25ad.png,france-w_primary-flag-v1_fe25ad.png,france-w_primary-flag-v1_fe25ad.png,copied_local,already_png,Yes,Yes,Upload france-w_primary-flag-v1_fe25ad.png
bundle_99dc10394fd30c,volleyball-results-roundup,Volleyball Results Roundup,Italy W,team,appr_2a96d8d56f4ac2,primary_flag_v1,https://flagcdn.com/w320/it.png,flagcdn.com,graphics_chat_upload_pack/volleyball-results-roundup/assets_original/italy-w_primary-flag-v1_6f4ac2.png,graphics_chat_upload_pack/volleyball-results-roundup/assets_original/italy-w_primary-flag-v1_6f4ac2.png,italy-w_primary-flag-v1_6f4ac2.png,italy-w_primary-flag-v1_6f4ac2.png,copied_local,already_png,Yes,Yes,Upload italy-w_primary-flag-v1_6f4ac2.png
bundle_99dc10394fd30c,volleyball-results-roundup,Volleyball Results Roundup,Serbia W,team,appr_9426bf971998ee,primary_flag_v1,https://flagcdn.com/w320/rs.png,flagcdn.com,graphics_chat_upload_pack/volleyball-results-roundup/assets_original/serbia-w_primary-flag-v1_1998ee.png,graphics_chat_upload_pack/volleyball-results-roundup/assets_original/serbia-w_primary-flag-v1_1998ee.png,serbia-w_primary-flag-v1_1998ee.png,serbia-w_primary-flag-v1_1998ee.png,copied_local,already_png,Yes,Yes,Upload serbia-w_primary-flag-v1_1998ee.png
bundle_99dc10394fd30c,volleyball-results-roundup,Volleyball Results Roundup,Thailand W,team,appr_526f2acaa1d24e,primary_flag_v1,https://flagcdn.com/w320/th.png,flagcdn.com,graphics_chat_upload_pack/volleyball-results-roundup/assets_original/thailand-w_primary-flag-v1_a1d24e.png,graphics_chat_upload_pack/volleyball-results-roundup/assets_original/thailand-w_primary-flag-v1_a1d24e.png,thailand-w_primary-flag-v1_a1d24e.png,thailand-w_primary-flag-v1_a1d24e.png,copied_local,already_png,Yes,Yes,Upload thailand-w_primary-flag-v1_a1d24e.png
bundle_99dc10394fd30c,volleyball-results-roundup,Volleyball Results Roundup,Turkey W,team,appr_dd35c3cb61c372,primary_flag_v1,https://flagcdn.com/w320/tr.png,flagcdn.com,graphics_chat_upload_pack/volleyball-results-roundup/assets_original/turkey-w_primary-flag-v1_61c372.png,graphics_chat_upload_pack/volleyball-results-roundup/assets_original/turkey-w_primary-flag-v1_61c372.png,turkey-w_primary-flag-v1_61c372.png,turkey-w_primary-flag-v1_61c372.png,copied_local,already_png,Yes,Yes,Upload turkey-w_primary-flag-v1_61c372.png
bundle_99dc10394fd30c,volleyball-results-roundup,Volleyball Results Roundup,USA W,team,appr_49824984287991,primary_flag_v1,https://flagcdn.com/w320/us.png,flagcdn.com,graphics_chat_upload_pack/volleyball-results-roundup/assets_original/usa-w_primary-flag-v1_287991.png,graphics_chat_upload_pack/volleyball-results-roundup/assets_original/usa-w_primary-flag-v1_287991.png,usa-w_primary-flag-v1_287991.png,usa-w_primary-flag-v1_287991.png,copied_local,already_png,Yes,Yes,Upload usa-w_primary-flag-v1_287991.png
bundle_33580e1adf9d95,women-s-soccer-radar,Women's Soccer Radar,Australia W,team,appr_a954f58ba7b766,primary_flag_v1,https://flagcdn.com/w320/au.png,flagcdn.com,graphics_chat_upload_pack/women-s-soccer-radar/assets_original/australia-w_primary-flag-v1_a7b766.png,graphics_chat_upload_pack/women-s-soccer-radar/assets_original/australia-w_primary-flag-v1_a7b766.png,australia-w_primary-flag-v1_a7b766.png,australia-w_primary-flag-v1_a7b766.png,copied_local,already_png,Yes,Yes,Upload australia-w_primary-flag-v1_a7b766.png
bundle_33580e1adf9d95,women-s-soccer-radar,Women's Soccer Radar,Brazil U20 W,team,appr_a79adaf6457f0c,primary_flag_v1,https://flagcdn.com/w320/br.png,flagcdn.com,graphics_chat_upload_pack/women-s-soccer-radar/assets_original/brazil-u20-w_primary-flag-v1_457f0c.png,graphics_chat_upload_pack/women-s-soccer-radar/assets_original/brazil-u20-w_primary-flag-v1_457f0c.png,brazil-u20-w_primary-flag-v1_457f0c.png,brazil-u20-w_primary-flag-v1_457f0c.png,copied_local,already_png,Yes,Yes,Upload brazil-u20-w_primary-flag-v1_457f0c.png
bundle_33580e1adf9d95,women-s-soccer-radar,Women's Soccer Radar,Brazil W,team,appr_3b613e56ad6ec8,primary_flag_v1,https://flagcdn.com/w320/br.png,flagcdn.com,graphics_chat_upload_pack/women-s-soccer-radar/assets_original/brazil-w_primary-flag-v1_ad6ec8.png,graphics_chat_upload_pack/women-s-soccer-radar/assets_original/brazil-w_primary-flag-v1_ad6ec8.png,brazil-w_primary-flag-v1_ad6ec8.png,brazil-w_primary-flag-v1_ad6ec8.png,copied_local,already_png,Yes,Yes,Upload brazil-w_primary-flag-v1_ad6ec8.png
bundle_33580e1adf9d95,women-s-soccer-radar,Women's Soccer Radar,Japan W,team,appr_2bfc766277e6da,primary_flag_v1,https://flagcdn.com/w320/jp.png,flagcdn.com,graphics_chat_upload_pack/women-s-soccer-radar/assets_original/japan-w_primary-flag-v1_77e6da.png,graphics_chat_upload_pack/women-s-soccer-radar/assets_original/japan-w_primary-flag-v1_77e6da.png,japan-w_primary-flag-v1_77e6da.png,japan-w_primary-flag-v1_77e6da.png,copied_local,already_png,Yes,Yes,Upload japan-w_primary-flag-v1_77e6da.png
bundle_33580e1adf9d95,women-s-soccer-radar,Women's Soccer Radar,Korea Republic U20 W,team,appr_67a033c94405f7,primary_flag_v1,https://flagcdn.com/w320/kr.png,flagcdn.com,graphics_chat_upload_pack/women-s-soccer-radar/assets_original/korea-republic-u20-w_primary-flag-v1_4405f7.png,graphics_chat_upload_pack/women-s-soccer-radar/assets_original/korea-republic-u20-w_primary-flag-v1_4405f7.png,korea-republic-u20-w_primary-flag-v1_4405f7.png,korea-republic-u20-w_primary-flag-v1_4405f7.png,copied_local,already_png,Yes,Yes,Upload korea-republic-u20-w_primary-flag-v1_4405f7.png
bundle_33580e1adf9d95,women-s-soccer-radar,Women's Soccer Radar,Mexico W,team,appr_34556a69591b47,primary_flag_v1,https://flagcdn.com/w320/mx.png,flagcdn.com,graphics_chat_upload_pack/women-s-soccer-radar/assets_original/mexico-w_primary-flag-v1_591b47.png,graphics_chat_upload_pack/women-s-soccer-radar/assets_original/mexico-w_primary-flag-v1_591b47.png,mexico-w_primary-flag-v1_591b47.png,mexico-w_primary-flag-v1_591b47.png,copied_local,already_png,Yes,Yes,Upload mexico-w_primary-flag-v1_591b47.png
bundle_33580e1adf9d95,women-s-soccer-radar,Women's Soccer Radar,South Africa W,team,appr_2d1d5b6b4b59b0,primary_flag_v1,https://flagcdn.com/w320/za.png,flagcdn.com,graphics_chat_upload_pack/women-s-soccer-radar/assets_original/south-africa-w_primary-flag-v1_4b59b0.png,graphics_chat_upload_pack/women-s-soccer-radar/assets_original/south-africa-w_primary-flag-v1_4b59b0.png,south-africa-w_primary-flag-v1_4b59b0.png,south-africa-w_primary-flag-v1_4b59b0.png,copied_local,already_png,Yes,Yes,Upload south-africa-w_primary-flag-v1_4b59b0.png
bundle_33580e1adf9d95,women-s-soccer-radar,Women's Soccer Radar,USA W,team,appr_49824984287991,primary_flag_v1,https://flagcdn.com/w320/us.png,flagcdn.com,graphics_chat_upload_pack/women-s-soccer-radar/assets_original/usa-w_primary-flag-v1_287991.png,graphics_chat_upload_pack/women-s-soccer-radar/assets_original/usa-w_primary-flag-v1_287991.png,usa-w_primary-flag-v1_287991.png,usa-w_primary-flag-v1_287991.png,copied_local,already_png,Yes,Yes,Upload usa-w_primary-flag-v1_287991.png
